{"song":{"sectionLengths":[],"player1":"bf-car","player2":"mom-car","notes":[{"typeOfSection":0,"sectionNotes":[],"lengthInSteps":16,"bpm":95,"changeBPM":false,"mustHitSection":true},{"typeOfSection":0,"sectionNotes":[],"lengthInSteps":16,"bpm":125,"changeBPM":false,"mustHitSection":true},{"typeOfSection":0,"sectionNotes":[],"lengthInSteps":16,"bpm":125,"changeBPM":false,"mustHitSection":false},{"typeOfSection":0,"sectionNotes":[],"lengthInSteps":16,"bpm":125,"changeBPM":false,"mustHitSection":false},{"typeOfSection":0,"sectionNotes":[[7680,0,120],[8160,1,0],[8640,2,0],[9000,0,0],[9360,1,0]],"lengthInSteps":16,"bpm":125,"changeBPM":false,"mustHitSection":false},{"typeOfSection":0,"sectionNotes":[[9600,0,120],[10080,1,0],[10500,2,0],[10800,2,0],[11160,1,0]],"lengthInSteps":16,"bpm":125,"changeBPM":false,"mustHitSection":false},{"typeOfSection":0,"sectionNotes":[[11520,0,120],[12000,1,0],[12480,2,0],[12840,0,0],[13200,1,0]],"lengthInSteps":16,"bpm":125,"changeBPM":false,"mustHitSection":true},{"typeOfSection":0,"sectionNotes":[[13440,0,120],[13920,1,0],[14880,3,0],[15120,2,0],[14400,6,240],[14400,2,120],[14880,7,240]],"lengthInSteps":16,"bpm":125,"changeBPM":false,"mustHitSection":true},{"typeOfSection":0,"sectionNotes":[[15360,2,0],[15720,2,0],[16200,2,0],[16440,0,0],[16800,2,0],[17040,1,120],[15360,6,0],[15840,6,0],[16320,6,0]],"lengthInSteps":16,"bpm":125,"changeBPM":false,"mustHitSection":false},{"typeOfSection":0,"sectionNotes":[[17280,2,0],[18120,2,0],[18360,0,0],[18960,1,120],[17280,6,0],[17760,6,0],[17640,2,0],[18240,6,0],[18960,5,120]],"lengthInSteps":16,"bpm":125,"changeBPM":false,"mustHitSection":false},{"typeOfSection":0,"sectionNotes":[[19200,4,120],[19200,0,120],[19440,2,120],[20040,2,0],[20400,3,120],[20640,2,120],[19800,3,0]],"lengthInSteps":16,"bpm":125,"changeBPM":false,"mustHitSection":true},{"typeOfSection":0,"sectionNotes":[[21960,2,0],[22320,3,120],[21120,0,0],[21360,2,0],[22560,2,120],[22560,6,120],[21720,3,0]],"lengthInSteps":16,"bpm":125,"changeBPM":false,"mustHitSection":true},{"typeOfSection":0,"sectionNotes":[[23520,0,360],[24000,2,0],[24360,2,240],[24720,0,0]],"lengthInSteps":16,"bpm":125,"changeBPM":false,"mustHitSection":false},{"typeOfSection":0,"sectionNotes":[[25080,0,0],[25440,0,360],[25920,2,0],[26160,1,0],[26400,2,0],[26640,2,0]],"lengthInSteps":16,"bpm":125,"changeBPM":false,"mustHitSection":false},{"typeOfSection":0,"sectionNotes":[[26880,2,0],[27360,0,360],[27840,2,0],[28200,2,240],[28560,0,0]],"lengthInSteps":16,"bpm":125,"changeBPM":false,"mustHitSection":false},{"typeOfSection":0,"sectionNotes":[[28920,0,0],[29280,0,360],[29760,3,0],[30000,2,0],[30240,1,0],[30480,0,0]],"lengthInSteps":16,"bpm":125,"changeBPM":false,"mustHitSection":false},{"typeOfSection":0,"sectionNotes":[[31200,0,360],[31680,2,0],[31920,0,0],[32244,2,0],[32520,0,0]],"lengthInSteps":16,"bpm":125,"changeBPM":false,"mustHitSection":true},{"typeOfSection":0,"sectionNotes":[[32760,0,0],[33120,0,360],[33600,2,0],[33840,0,0],[33960,2,0],[34200,2,0],[34440,0,0]],"lengthInSteps":16,"bpm":125,"changeBPM":false,"mustHitSection":true},{"typeOfSection":0,"sectionNotes":[[34560,0,0],[35040,0,360],[35520,2,0],[35880,2,0],[36240,0,0]],"lengthInSteps":16,"bpm":125,"changeBPM":false,"mustHitSection":true},{"typeOfSection":0,"sectionNotes":[[36600,0,0],[36960,0,360],[37440,2,0],[37920,2,0]],"lengthInSteps":16,"bpm":125,"changeBPM":false,"mustHitSection":true},{"typeOfSection":0,"sectionNotes":[[39360,3,120],[39600,2,120],[39960,2,240]],"lengthInSteps":16,"bpm":125,"changeBPM":false,"mustHitSection":false},{"typeOfSection":0,"sectionNotes":[[40320,0,0],[40680,3,0],[41040,3,0],[41400,3,0],[41760,0,120]],"lengthInSteps":16,"bpm":125,"changeBPM":false,"mustHitSection":false},{"typeOfSection":0,"sectionNotes":[[43200,3,120],[43440,2,120],[43800,2,0]],"lengthInSteps":16,"bpm":125,"changeBPM":false,"mustHitSection":true},{"typeOfSection":0,"sectionNotes":[[44160,0,120],[45240,3,0],[44880,3,0],[44400,3,0],[45600,2,0]],"lengthInSteps":16,"bpm":125,"changeBPM":false,"mustHitSection":true},{"typeOfSection":0,"sectionNotes":[[46080,7,0],[47040,7,120],[47040,3,120],[47280,2,120],[47280,6,120],[47520,5,0],[47640,6,0],[47640,2,0]],"lengthInSteps":16,"bpm":125,"changeBPM":false,"mustHitSection":false},{"typeOfSection":0,"sectionNotes":[[48000,0,0],[48000,4,0],[48360,3,0],[48360,7,0],[48720,3,0],[48720,7,0],[49080,7,0],[49080,3,0],[49440,0,120],[49680,2,120],[49440,4,120],[49680,6,0]],"lengthInSteps":16,"bpm":125,"changeBPM":false,"mustHitSection":false},{"typeOfSection":0,"sectionNotes":[[50880,3,120],[50880,7,120],[51120,6,120],[51120,2,120],[51360,1,0],[51360,5,0]],"lengthInSteps":16,"bpm":125,"changeBPM":false,"mustHitSection":true},{"typeOfSection":0,"sectionNotes":[[51840,4,120],[51840,0,120],[52080,3,0],[52080,7,0],[52560,3,0],[52560,7,0],[52920,3,0],[52920,7,0],[53280,2,0],[53520,2,0],[53280,6,0],[53520,6,0]],"lengthInSteps":16,"bpm":125,"changeBPM":false,"mustHitSection":true},{"typeOfSection":0,"sectionNotes":[[53760,0,120],[54000,3,0],[54480,0,0],[54720,2,0],[55080,0,0],[55440,1,0]],"lengthInSteps":16,"bpm":125,"changeBPM":false,"mustHitSection":false},{"typeOfSection":0,"sectionNotes":[[55680,0,0],[55920,3,0],[56400,0,0],[56880,2,0],[57000,0,0],[56520,2,0],[57240,1,0],[57480,3,0]],"lengthInSteps":16,"bpm":125,"changeBPM":false,"mustHitSection":false},{"typeOfSection":0,"sectionNotes":[[57600,0,120],[57840,3,0],[58080,3,0],[58320,0,120],[58560,2,0],[58920,0,0],[59280,1,0]],"lengthInSteps":16,"bpm":125,"changeBPM":false,"mustHitSection":true},{"typeOfSection":0,"sectionNotes":[[59520,0,120],[59760,3,0],[60000,1,0],[60240,0,0],[60480,2,120],[60960,3,0],[60480,6,240],[60960,7,240]],"lengthInSteps":16,"bpm":125,"changeBPM":false,"mustHitSection":true},{"typeOfSection":0,"sectionNotes":[[61440,2,0],[61680,3,0],[61800,2,0],[62040,3,0],[62280,2,0],[62520,0,0],[62880,2,0],[63120,1,120],[61440,6,0],[61920,6,0],[62400,6,0]],"lengthInSteps":16,"bpm":125,"changeBPM":false,"mustHitSection":false},{"typeOfSection":0,"sectionNotes":[[63360,2,0],[63720,2,0],[64200,2,0],[65040,1,120],[63360,6,0],[63840,6,0],[64320,6,0],[65040,5,120]],"lengthInSteps":16,"bpm":125,"changeBPM":false,"mustHitSection":false},{"typeOfSection":0,"sectionNotes":[[65280,0,120],[65280,4,120],[65520,2,120],[66120,2,0],[66480,3,120],[66960,3,120],[65880,3,0]],"lengthInSteps":16,"bpm":125,"changeBPM":false,"mustHitSection":true},{"typeOfSection":0,"sectionNotes":[[67200,0,0],[67440,2,0],[68040,2,0],[68400,3,120],[68880,2,120],[68880,6,120],[67800,3,0]],"lengthInSteps":16,"bpm":125,"changeBPM":false,"mustHitSection":true},{"typeOfSection":0,"sectionNotes":[[69720,0,240],[70080,2,0],[70440,2,240],[70800,0,0]],"lengthInSteps":16,"bpm":125,"changeBPM":false,"mustHitSection":false},{"typeOfSection":0,"sectionNotes":[[71160,0,0],[71520,0,360],[72000,2,0],[72360,2,0],[72600,2,0],[72840,3,0]],"lengthInSteps":16,"bpm":125,"changeBPM":false,"mustHitSection":false},{"typeOfSection":0,"sectionNotes":[[72960,2,0],[73440,0,360],[73920,2,0],[74280,2,0],[74640,0,0]],"lengthInSteps":16,"bpm":125,"changeBPM":false,"mustHitSection":false},{"typeOfSection":0,"sectionNotes":[[75000,0,0],[75360,0,360],[75840,3,0],[76080,2,0],[76320,1,0],[76560,0,120]],"lengthInSteps":16,"bpm":125,"changeBPM":false,"mustHitSection":true},{"typeOfSection":0,"sectionNotes":[[77280,0,360],[77760,2,0],[78120,3,0],[78000,0,0],[78480,0,0]],"lengthInSteps":16,"bpm":125,"changeBPM":false,"mustHitSection":true},{"typeOfSection":0,"sectionNotes":[[78840,0,0],[79200,0,360],[79680,2,0],[80040,2,0],[80280,2,0],[80520,0,0]],"lengthInSteps":16,"bpm":125,"changeBPM":false,"mustHitSection":true},{"typeOfSection":0,"sectionNotes":[[80640,0,0],[81120,0,360],[81600,2,0],[81960,2,0],[82320,0,0]],"lengthInSteps":16,"bpm":125,"changeBPM":false,"mustHitSection":true},{"typeOfSection":0,"sectionNotes":[[82680,0,0],[83040,0,360],[83520,2,0],[84000,2,0]],"lengthInSteps":16,"bpm":125,"changeBPM":false,"mustHitSection":true},{"typeOfSection":0,"sectionNotes":[[85440,3,120],[86040,3,0],[85440,7,120],[86040,7,0]],"lengthInSteps":16,"bpm":125,"changeBPM":false,"mustHitSection":true},{"typeOfSection":0,"sectionNotes":[[86400,6,240],[86400,2,240],[86760,1,0],[86760,5,0],[87120,1,0],[87120,5,0],[87480,1,0],[87480,5,0],[87840,7,120],[88080,6,120],[87840,3,120],[88080,2,120]],"lengthInSteps":16,"bpm":125,"changeBPM":false,"mustHitSection":true},{"typeOfSection":0,"sectionNotes":[[89280,7,120],[89280,3,120],[89880,3,0],[89880,7,0]],"lengthInSteps":16,"bpm":125,"changeBPM":false,"mustHitSection":true},{"typeOfSection":0,"sectionNotes":[[90240,3,120],[90240,7,120],[90480,6,0],[90480,2,0],[90960,2,0],[90960,6,0],[91320,2,0],[91320,6,0],[91680,3,0],[91680,7,0],[91920,6,0],[91920,2,0]],"lengthInSteps":16,"bpm":125,"changeBPM":false,"mustHitSection":true},{"typeOfSection":0,"sectionNotes":[[92160,1,0],[92160,5,0]],"lengthInSteps":16,"bpm":125,"changeBPM":false,"mustHitSection":true},{"typeOfSection":0,"sectionNotes":[],"lengthInSteps":16,"bpm":125,"changeBPM":false,"mustHitSection":true},{"typeOfSection":0,"sectionNotes":[],"lengthInSteps":16,"bpm":125,"changeBPM":false,"mustHitSection":true},{"typeOfSection":0,"sectionNotes":[],"lengthInSteps":16,"bpm":125,"changeBPM":false,"mustHitSection":true},{"typeOfSection":0,"sectionNotes":[],"lengthInSteps":16,"bpm":125,"changeBPM":false,"mustHitSection":true},{"typeOfSection":0,"sectionNotes":[],"lengthInSteps":16,"bpm":125,"changeBPM":false,"mustHitSection":true},{"typeOfSection":0,"sectionNotes":[],"lengthInSteps":16,"bpm":125,"changeBPM":false,"mustHitSection":true},{"typeOfSection":0,"sectionNotes":[],"lengthInSteps":16,"bpm":125,"changeBPM":false,"mustHitSection":true},{"typeOfSection":0,"sectionNotes":[],"lengthInSteps":16,"bpm":125,"changeBPM":false,"mustHitSection":true},{"typeOfSection":0,"sectionNotes":[],"lengthInSteps":16,"bpm":125,"changeBPM":false,"mustHitSection":true},{"typeOfSection":0,"sectionNotes":[],"lengthInSteps":16,"bpm":125,"changeBPM":false,"mustHitSection":true},{"typeOfSection":0,"sectionNotes":[],"lengthInSteps":16,"bpm":125,"changeBPM":false,"mustHitSection":true},{"typeOfSection":0,"sectionNotes":[],"lengthInSteps":16,"bpm":125,"changeBPM":false,"mustHitSection":true},{"typeOfSection":0,"sectionNotes":[],"lengthInSteps":16,"bpm":125,"changeBPM":false,"mustHitSection":true},{"typeOfSection":0,"sectionNotes":[],"lengthInSteps":16,"bpm":125,"changeBPM":false,"mustHitSection":true},{"typeOfSection":0,"sectionNotes":[],"lengthInSteps":16,"bpm":125,"changeBPM":false,"mustHitSection":true},{"typeOfSection":0,"sectionNotes":[],"lengthInSteps":16,"bpm":125,"changeBPM":false,"mustHitSection":true},{"typeOfSection":0,"sectionNotes":[],"lengthInSteps":16,"bpm":125,"changeBPM":false,"mustHitSection":true},{"lengthInSteps":16,"typeOfSection":0,"sectionNotes":[],"altAnim":false,"bpm":125,"changeBPM":false,"mustHitSection":true},{"lengthInSteps":16,"typeOfSection":0,"sectionNotes":[],"altAnim":false,"bpm":125,"changeBPM":false,"mustHitSection":true},{"lengthInSteps":16,"typeOfSection":0,"sectionNotes":[],"altAnim":false,"bpm":125,"changeBPM":false,"mustHitSection":true},{"lengthInSteps":16,"typeOfSection":0,"sectionNotes":[],"altAnim":false,"bpm":125,"changeBPM":false,"mustHitSection":true},{"lengthInSteps":16,"typeOfSection":0,"sectionNotes":[],"altAnim":false,"bpm":125,"changeBPM":false,"mustHitSection":true},{"lengthInSteps":16,"typeOfSection":0,"sectionNotes":[],"altAnim":false,"bpm":125,"changeBPM":false,"mustHitSection":true},{"lengthInSteps":16,"typeOfSection":0,"sectionNotes":[],"altAnim":false,"bpm":125,"changeBPM":false,"mustHitSection":true},{"lengthInSteps":16,"typeOfSection":0,"sectionNotes":[],"altAnim":false,"bpm":125,"changeBPM":false,"mustHitSection":true},{"sectionNotes":[],"typeOfSection":0,"lengthInSteps":16,"altAnim":false,"mustHitSection":true,"changeBPM":false,"bpm":125},{"sectionNotes":[],"typeOfSection":0,"lengthInSteps":16,"altAnim":false,"mustHitSection":true,"changeBPM":false,"bpm":125},{"lengthInSteps":16,"altAnim":false,"typeOfSection":0,"sectionNotes":[],"bpm":125,"changeBPM":false,"mustHitSection":true}],"song":"High","validScore":true,"sections":0,"needsVoices":true,"speed":2.4,"bpm":125}}