{"song":{"player1":"bf-car","sectionLengths":[],"notes":[{"lengthInSteps":16,"sectionNotes":[],"typeOfSection":0,"mustHitSection":true,"changeBPM":false,"bpm":95},{"lengthInSteps":16,"sectionNotes":[],"typeOfSection":0,"mustHitSection":true,"changeBPM":false,"bpm":125},{"lengthInSteps":16,"sectionNotes":[],"typeOfSection":0,"mustHitSection":false,"changeBPM":false,"bpm":125},{"lengthInSteps":16,"sectionNotes":[],"typeOfSection":0,"mustHitSection":false,"changeBPM":false,"bpm":125},{"lengthInSteps":16,"sectionNotes":[[7680,0,120],[7920,3,0],[8160,1,0],[8400,0,0],[8640,2,0],[8760,2,0],[8880,2,0],[9000,0,0],[9060,3,0],[9360,1,0]],"typeOfSection":0,"mustHitSection":false,"changeBPM":false,"bpm":125},{"lengthInSteps":16,"sectionNotes":[[9600,0,120],[9840,3,0],[10080,1,0],[10320,0,0],[10500,2,0],[10560,3,0],[10800,2,0],[10920,0,0],[11160,1,0],[11280,3,0]],"typeOfSection":0,"mustHitSection":false,"changeBPM":false,"bpm":125},{"lengthInSteps":16,"sectionNotes":[[11520,0,120],[11760,3,0],[12000,1,0],[12240,0,0],[12480,2,0],[12600,2,0],[12720,2,0],[12840,0,0],[12897,3,0],[13200,1,0]],"typeOfSection":0,"mustHitSection":true,"changeBPM":false,"bpm":125},{"lengthInSteps":16,"sectionNotes":[[13440,0,120],[13680,3,0],[13920,1,0],[14160,0,0],[14640,3,0],[14880,3,0],[15000,0,0],[15120,2,0],[14400,6,240],[14400,2,120],[14640,5,0],[14880,7,240]],"typeOfSection":0,"mustHitSection":true,"changeBPM":false,"bpm":125},{"lengthInSteps":16,"sectionNotes":[[15360,2,0],[15600,3,0],[15720,2,0],[15960,3,0],[16080,3,0],[16200,2,0],[16440,0,0],[16560,3,0],[16680,0,0],[16800,2,0],[17040,1,120],[15360,6,0],[15840,6,0],[15960,6,0],[16080,6,0],[16320,6,0]],"typeOfSection":0,"mustHitSection":false,"changeBPM":false,"bpm":125},{"lengthInSteps":16,"sectionNotes":[[17280,2,0],[17520,3,0],[17880,3,0],[18000,3,0],[18120,2,0],[18360,0,0],[18480,3,120],[18720,2,120],[18960,1,120],[17280,6,0],[17760,6,0],[18000,6,0],[17640,2,0],[17880,6,0],[18240,6,0],[18480,7,120],[18720,6,120],[18960,5,120]],"typeOfSection":0,"mustHitSection":false,"changeBPM":false,"bpm":125},{"lengthInSteps":16,"sectionNotes":[[19200,4,120],[19200,0,120],[19440,2,120],[19680,3,0],[19800,3,0],[19920,3,0],[20160,1,0],[20040,2,0],[20400,3,120],[20640,2,120],[20880,3,120]],"typeOfSection":0,"mustHitSection":true,"changeBPM":false,"bpm":125},{"lengthInSteps":16,"sectionNotes":[[21600,3,0],[21720,3,0],[21840,3,0],[22080,1,0],[21960,2,0],[22320,3,120],[21120,0,0],[21360,2,0],[22560,2,120],[22800,2,120],[22800,6,120],[22560,6,120]],"typeOfSection":0,"mustHitSection":true,"changeBPM":false,"bpm":125},{"lengthInSteps":16,"sectionNotes":[[23520,0,360],[24000,2,0],[24240,3,0],[24360,2,240],[24720,0,0]],"typeOfSection":0,"mustHitSection":false,"changeBPM":false,"bpm":125},{"lengthInSteps":16,"sectionNotes":[[25080,0,0],[25440,0,360],[25920,2,0],[26160,1,0],[26280,0,0],[26400,2,0],[26520,1,0],[26640,2,0],[26760,3,0]],"typeOfSection":0,"mustHitSection":false,"changeBPM":false,"bpm":125},{"lengthInSteps":16,"sectionNotes":[[26880,2,0],[27360,0,360],[27840,2,0],[28080,3,0],[28200,2,240],[28560,0,0]],"typeOfSection":0,"mustHitSection":false,"changeBPM":false,"bpm":125},{"lengthInSteps":16,"sectionNotes":[[28920,0,0],[29280,0,360],[29760,3,0],[30000,2,0],[30240,1,0],[30480,0,0]],"typeOfSection":0,"mustHitSection":false,"changeBPM":false,"bpm":125},{"lengthInSteps":16,"sectionNotes":[[31200,0,360],[31680,2,0],[31920,0,0],[32040,3,0],[32400,0,0],[32244,2,0]],"typeOfSection":0,"mustHitSection":true,"changeBPM":false,"bpm":125},{"lengthInSteps":16,"sectionNotes":[[32760,0,0],[33120,0,360],[33600,2,0],[33840,0,0],[33960,2,0],[34080,3,0],[34200,2,0],[34320,1,0],[34440,0,0]],"typeOfSection":0,"mustHitSection":true,"changeBPM":false,"bpm":125},{"lengthInSteps":16,"sectionNotes":[[34560,0,0],[35040,0,360],[35520,2,0],[35760,3,0],[35880,2,0],[36240,0,0]],"typeOfSection":0,"mustHitSection":true,"changeBPM":false,"bpm":125},{"lengthInSteps":16,"sectionNotes":[[36600,0,0],[36960,0,360],[37440,2,0],[37680,1,0],[37920,2,0],[38040,3,0]],"typeOfSection":0,"mustHitSection":true,"changeBPM":false,"bpm":125},{"lengthInSteps":16,"sectionNotes":[[39360,3,120],[39600,2,120],[39840,1,0],[39960,2,240]],"typeOfSection":0,"mustHitSection":false,"changeBPM":false,"bpm":125},{"lengthInSteps":16,"sectionNotes":[[40320,0,0],[40680,3,0],[41040,3,0],[41400,3,0],[41760,0,120],[42000,2,120]],"typeOfSection":0,"mustHitSection":false,"changeBPM":false,"bpm":125},{"lengthInSteps":16,"sectionNotes":[[43200,3,120],[43440,2,120],[43680,1,0],[43800,2,0]],"typeOfSection":0,"mustHitSection":true,"changeBPM":false,"bpm":125},{"lengthInSteps":16,"sectionNotes":[[44160,0,120],[45240,3,0],[44880,3,0],[44520,3,0],[44400,3,0],[45600,2,0],[45720,3,0],[45840,2,0]],"typeOfSection":0,"mustHitSection":true,"changeBPM":false,"bpm":125},{"lengthInSteps":16,"sectionNotes":[[46080,7,0],[47040,7,120],[47040,3,120],[47280,2,120],[47280,6,120],[47520,1,0],[47520,5,0],[47640,6,0],[47640,2,0]],"typeOfSection":0,"mustHitSection":false,"changeBPM":false,"bpm":125},{"lengthInSteps":16,"sectionNotes":[[48000,0,0],[48000,4,0],[48360,3,0],[48360,7,0],[48720,3,0],[48720,7,0],[49080,7,0],[49080,3,0],[49440,0,120],[49680,2,120],[49440,4,120],[49680,6,0]],"typeOfSection":0,"mustHitSection":false,"changeBPM":false,"bpm":125},{"lengthInSteps":16,"sectionNotes":[[50880,3,120],[50880,7,120],[51120,6,120],[51120,2,120],[51360,1,0],[51480,2,0],[51360,5,0],[51480,6,0]],"typeOfSection":0,"mustHitSection":true,"changeBPM":false,"bpm":125},{"lengthInSteps":16,"sectionNotes":[[51840,4,120],[51840,0,120],[52080,3,0],[52200,3,0],[52080,7,0],[52200,7,0],[52560,3,0],[52560,7,0],[52920,3,0],[52920,7,0],[53280,2,0],[53400,3,0],[53520,2,0],[53280,6,0],[53400,7,0],[53520,6,0]],"typeOfSection":0,"mustHitSection":true,"changeBPM":false,"bpm":125},{"lengthInSteps":16,"sectionNotes":[[53760,0,120],[54000,3,0],[54240,1,0],[54480,0,0],[54720,2,0],[54840,2,0],[54960,2,0],[55080,0,0],[55149,3,0],[55440,1,0]],"typeOfSection":0,"mustHitSection":false,"changeBPM":false,"bpm":125},{"lengthInSteps":16,"sectionNotes":[[55680,0,0],[55920,3,0],[56160,1,0],[56400,0,0],[56583,2,0],[56640,3,0],[56880,2,0],[57000,0,0],[57240,1,0],[57360,3,0]],"typeOfSection":0,"mustHitSection":false,"changeBPM":false,"bpm":125},{"lengthInSteps":16,"sectionNotes":[[57600,0,120],[57840,3,0],[58080,3,0],[58320,0,120],[58560,2,0],[58680,2,0],[58800,2,0],[58920,0,0],[58992,3,0],[59280,1,0]],"typeOfSection":0,"mustHitSection":true,"changeBPM":false,"bpm":125},{"lengthInSteps":16,"sectionNotes":[[59520,0,120],[59760,3,0],[60000,1,0],[60240,0,0],[60480,2,120],[60720,3,0],[60960,3,0],[61080,0,0],[61200,2,0],[60480,6,240],[60720,5,0],[60960,7,240]],"typeOfSection":0,"mustHitSection":true,"changeBPM":false,"bpm":125},{"lengthInSteps":16,"sectionNotes":[[61440,2,0],[61680,3,0],[61800,2,0],[62040,3,0],[62160,3,0],[62280,2,0],[62520,0,0],[62640,3,0],[62760,0,0],[62880,2,0],[63120,1,120],[61440,6,0],[61920,6,0],[62040,6,0],[62160,6,0],[62400,6,0]],"typeOfSection":0,"mustHitSection":false,"changeBPM":false,"bpm":125},{"lengthInSteps":16,"sectionNotes":[[63360,2,0],[63600,3,0],[63720,2,0],[63960,3,0],[64080,3,0],[64200,2,0],[64440,0,0],[64560,3,120],[64800,2,120],[65040,1,120],[63360,6,0],[63840,6,0],[63960,6,0],[64080,6,0],[64320,6,0],[64560,7,120],[64800,6,120],[65040,5,120]],"typeOfSection":0,"mustHitSection":false,"changeBPM":false,"bpm":125},{"lengthInSteps":16,"sectionNotes":[[65280,0,120],[65280,4,120],[65520,2,120],[65760,3,0],[65880,3,0],[66000,3,0],[66120,2,0],[66240,1,0],[66480,3,120],[66720,2,120],[66960,3,120]],"typeOfSection":0,"mustHitSection":true,"changeBPM":false,"bpm":125},{"lengthInSteps":16,"sectionNotes":[[67200,0,0],[67440,2,0],[67680,3,0],[67800,3,0],[67920,3,0],[68040,2,0],[68160,1,0],[68400,3,120],[68640,2,120],[68880,2,120],[68640,6,120],[68880,6,120]],"typeOfSection":0,"mustHitSection":true,"changeBPM":false,"bpm":125},{"lengthInSteps":16,"sectionNotes":[[69720,0,240],[70080,2,0],[70320,3,0],[70440,2,240],[70800,0,0]],"typeOfSection":0,"mustHitSection":false,"changeBPM":false,"bpm":125},{"lengthInSteps":16,"sectionNotes":[[71160,0,0],[71520,0,360],[72000,2,0],[72240,3,0],[72360,2,0],[72480,1,0],[72600,2,0],[72720,1,0],[72840,3,0]],"typeOfSection":0,"mustHitSection":false,"changeBPM":false,"bpm":125},{"lengthInSteps":16,"sectionNotes":[[72960,2,0],[73440,0,360],[73920,2,0],[74160,3,0],[74280,2,0],[74640,0,0]],"typeOfSection":0,"mustHitSection":false,"changeBPM":false,"bpm":125},{"lengthInSteps":16,"sectionNotes":[[75000,0,0],[75360,0,360],[75840,3,0],[76080,2,0],[76320,1,0],[76560,0,120]],"typeOfSection":0,"mustHitSection":false,"changeBPM":false,"bpm":125},{"lengthInSteps":16,"sectionNotes":[[77280,0,360],[77760,2,0],[78120,3,0],[78000,0,0],[78360,0,0],[78480,0,0]],"typeOfSection":0,"mustHitSection":true,"changeBPM":false,"bpm":125},{"lengthInSteps":16,"sectionNotes":[[78840,0,0],[79200,0,360],[79680,2,0],[79920,0,0],[80040,2,0],[80160,3,0],[80280,2,0],[80400,1,0],[80520,0,0]],"typeOfSection":0,"mustHitSection":true,"changeBPM":false,"bpm":125},{"lengthInSteps":16,"sectionNotes":[[80640,0,0],[81120,0,360],[81600,2,0],[81840,3,0],[81960,2,0],[82320,0,0]],"typeOfSection":0,"mustHitSection":true,"changeBPM":false,"bpm":125},{"lengthInSteps":16,"sectionNotes":[[82680,0,0],[83040,0,360],[83520,2,0],[83760,1,0],[84000,2,0],[84120,3,0]],"typeOfSection":0,"mustHitSection":true,"changeBPM":false,"bpm":125},{"lengthInSteps":16,"sectionNotes":[[85440,3,120],[85680,2,120],[85920,1,0],[86040,3,0],[85440,7,120],[85680,6,120],[85920,5,0],[86040,7,0]],"typeOfSection":0,"mustHitSection":true,"changeBPM":false,"bpm":125},{"lengthInSteps":16,"sectionNotes":[[86400,6,240],[86400,2,240],[86760,1,0],[86760,5,0],[87120,1,0],[87120,5,0],[87480,1,0],[87480,5,0],[87840,7,120],[88080,6,120],[87840,3,120],[88080,2,120]],"typeOfSection":0,"mustHitSection":true,"changeBPM":false,"bpm":125},{"lengthInSteps":16,"sectionNotes":[[89280,7,120],[89280,3,120],[89520,2,120],[89520,6,120],[89760,1,0],[89880,3,0],[89760,5,0],[89880,7,0]],"typeOfSection":0,"mustHitSection":true,"changeBPM":false,"bpm":125},{"lengthInSteps":16,"sectionNotes":[[90240,3,120],[90240,7,120],[90600,2,0],[90480,6,0],[90600,6,0],[90480,2,0],[90960,2,0],[90960,6,0],[91320,2,0],[91320,6,0],[91680,3,0],[91800,0,0],[91680,7,0],[91800,4,0],[91920,6,0],[91920,2,0]],"typeOfSection":0,"mustHitSection":true,"changeBPM":false,"bpm":125},{"lengthInSteps":16,"sectionNotes":[[92160,1,0],[92160,5,0]],"typeOfSection":0,"mustHitSection":true,"changeBPM":false,"bpm":125},{"lengthInSteps":16,"sectionNotes":[],"typeOfSection":0,"mustHitSection":true,"changeBPM":false,"bpm":125},{"lengthInSteps":16,"sectionNotes":[],"typeOfSection":0,"mustHitSection":true,"changeBPM":false,"bpm":125},{"lengthInSteps":16,"sectionNotes":[],"typeOfSection":0,"mustHitSection":true,"changeBPM":false,"bpm":125},{"lengthInSteps":16,"sectionNotes":[],"typeOfSection":0,"mustHitSection":true,"changeBPM":false,"bpm":125},{"lengthInSteps":16,"sectionNotes":[],"typeOfSection":0,"mustHitSection":true,"changeBPM":false,"bpm":125},{"lengthInSteps":16,"sectionNotes":[],"typeOfSection":0,"mustHitSection":true,"changeBPM":false,"bpm":125},{"lengthInSteps":16,"sectionNotes":[],"typeOfSection":0,"mustHitSection":true,"changeBPM":false,"bpm":125},{"lengthInSteps":16,"sectionNotes":[],"typeOfSection":0,"mustHitSection":true,"changeBPM":false,"bpm":125},{"lengthInSteps":16,"sectionNotes":[],"typeOfSection":0,"mustHitSection":true,"changeBPM":false,"bpm":125},{"lengthInSteps":16,"sectionNotes":[],"typeOfSection":0,"mustHitSection":true,"changeBPM":false,"bpm":125},{"lengthInSteps":16,"sectionNotes":[],"typeOfSection":0,"mustHitSection":true,"changeBPM":false,"bpm":125},{"lengthInSteps":16,"sectionNotes":[],"typeOfSection":0,"mustHitSection":true,"changeBPM":false,"bpm":125},{"lengthInSteps":16,"sectionNotes":[],"typeOfSection":0,"mustHitSection":true,"changeBPM":false,"bpm":125},{"lengthInSteps":16,"sectionNotes":[],"typeOfSection":0,"mustHitSection":true,"changeBPM":false,"bpm":125},{"lengthInSteps":16,"sectionNotes":[],"typeOfSection":0,"mustHitSection":true,"changeBPM":false,"bpm":125},{"lengthInSteps":16,"sectionNotes":[],"typeOfSection":0,"mustHitSection":true,"changeBPM":false,"bpm":125},{"lengthInSteps":16,"sectionNotes":[],"typeOfSection":0,"mustHitSection":true,"changeBPM":false,"bpm":125},{"sectionNotes":[],"typeOfSection":0,"lengthInSteps":16,"altAnim":false,"mustHitSection":true,"changeBPM":false,"bpm":125},{"sectionNotes":[],"typeOfSection":0,"lengthInSteps":16,"altAnim":false,"mustHitSection":true,"changeBPM":false,"bpm":125},{"sectionNotes":[],"typeOfSection":0,"lengthInSteps":16,"altAnim":false,"mustHitSection":true,"changeBPM":false,"bpm":125},{"sectionNotes":[],"typeOfSection":0,"lengthInSteps":16,"altAnim":false,"mustHitSection":true,"changeBPM":false,"bpm":125},{"sectionNotes":[],"typeOfSection":0,"lengthInSteps":16,"altAnim":false,"mustHitSection":true,"changeBPM":false,"bpm":125},{"sectionNotes":[],"typeOfSection":0,"lengthInSteps":16,"altAnim":false,"mustHitSection":true,"changeBPM":false,"bpm":125},{"sectionNotes":[],"typeOfSection":0,"lengthInSteps":16,"altAnim":false,"mustHitSection":true,"changeBPM":false,"bpm":125},{"sectionNotes":[],"typeOfSection":0,"lengthInSteps":16,"altAnim":false,"mustHitSection":true,"changeBPM":false,"bpm":125},{"lengthInSteps":16,"typeOfSection":0,"sectionNotes":[],"altAnim":false,"bpm":125,"changeBPM":false,"mustHitSection":true},{"lengthInSteps":16,"typeOfSection":0,"sectionNotes":[],"altAnim":false,"bpm":125,"changeBPM":false,"mustHitSection":true},{"sectionNotes":[],"typeOfSection":0,"lengthInSteps":16,"altAnim":false,"mustHitSection":true,"changeBPM":false,"bpm":125},{"lengthInSteps":16,"altAnim":false,"typeOfSection":0,"sectionNotes":[],"bpm":125,"changeBPM":false,"mustHitSection":true},{"lengthInSteps":16,"altAnim":false,"typeOfSection":0,"sectionNotes":[],"bpm":125,"changeBPM":false,"mustHitSection":true}],"player2":"mom-car","song":"High","validScore":true,"sections":0,"needsVoices":true,"bpm":125,"speed":2.8}}