{"notes":[{"typeOfSection":0,"sectionNotes":[],"lengthInSteps":16,"bpm":95,"changeBPM":false,"mustHitSection":true},{"typeOfSection":0,"sectionNotes":[],"lengthInSteps":16,"bpm":95,"changeBPM":false,"mustHitSection":true},{"typeOfSection":0,"sectionNotes":[],"lengthInSteps":16,"bpm":150,"changeBPM":false,"mustHitSection":false},{"typeOfSection":0,"sectionNotes":[],"lengthInSteps":16,"bpm":150,"changeBPM":false,"mustHitSection":false},{"typeOfSection":0,"sectionNotes":[[6400,1,0],[6800,0,0],[7000,3,0],[7200,0,0],[7400,3,0],[7600,3,0],[7700,0,0],[7900,3,0]],"lengthInSteps":16,"bpm":150,"changeBPM":false,"mustHitSection":false},{"typeOfSection":0,"sectionNotes":[[8000,0,0],[8200,3,0],[8400,3,0],[8600,2,0],[8900,2,0],[9100,3,0],[9300,0,0],[9400,3,0]],"lengthInSteps":16,"bpm":150,"changeBPM":false,"mustHitSection":false},{"typeOfSection":0,"sectionNotes":[[9600,2,0],[10000,3,0],[10200,3,0],[10400,2,0],[10600,0,0],[10800,2,0],[11000,2,0]],"lengthInSteps":16,"bpm":150,"changeBPM":false,"mustHitSection":true},{"typeOfSection":0,"sectionNotes":[[11200,0,0],[11600,3,0],[11800,3,0],[12000,2,0],[12600,1,0],[12200,0,0],[12400,0,0]],"lengthInSteps":16,"bpm":150,"changeBPM":false,"mustHitSection":true},{"typeOfSection":0,"sectionNotes":[[12800,3,0],[13200,3,0],[13400,0,0],[13600,2,0],[13800,1,0],[13000,0,0],[14000,2,0],[14200,1,0]],"lengthInSteps":16,"bpm":150,"changeBPM":false,"mustHitSection":false},{"typeOfSection":0,"sectionNotes":[[14400,0,0],[14700,0,0],[14800,3,0],[15000,3,0],[15200,1,0],[15600,2,0],[15800,1,0]],"lengthInSteps":16,"bpm":150,"changeBPM":false,"mustHitSection":false},{"typeOfSection":0,"sectionNotes":[[16000,3,0],[16600,3,0],[16800,2,0],[17000,1,0],[17200,2,0],[17300,1,0],[17500,0,0],[16200,0,0],[16400,0,0]],"lengthInSteps":16,"bpm":150,"changeBPM":false,"mustHitSection":true},{"typeOfSection":0,"sectionNotes":[[17600,2,0],[18000,3,0],[18200,3,0],[18800,0,0],[19000,0,0],[17800,0,0],[18400,2,0],[18600,2,0]],"lengthInSteps":16,"bpm":150,"changeBPM":false,"mustHitSection":true},{"typeOfSection":0,"sectionNotes":[[19200,0,0],[19400,1,0],[19600,2,0],[19800,3,0],[20000,2,0],[20200,2,0],[20400,0,0],[20700,3,0]],"lengthInSteps":16,"bpm":150,"changeBPM":false,"mustHitSection":false},{"typeOfSection":0,"sectionNotes":[[20800,0,0],[21000,1,0],[21200,2,0],[21400,3,0],[21500,3,0],[21700,2,0],[21900,0,0],[22000,2,0],[21900,3,0]],"lengthInSteps":16,"bpm":150,"changeBPM":false,"mustHitSection":false},{"typeOfSection":0,"sectionNotes":[[22400,0,0],[22600,1,0],[22800,2,0],[23000,3,0],[23200,2,0],[23400,2,0],[23600,0,0],[23900,3,0]],"lengthInSteps":16,"bpm":150,"changeBPM":false,"mustHitSection":true},{"typeOfSection":0,"sectionNotes":[[24000,0,0],[24600,3,0],[24200,3,0],[24700,3,0],[25000,1,0],[24400,0,0],[25300,1,0],[24800,2,0]],"lengthInSteps":16,"bpm":150,"changeBPM":false,"mustHitSection":true},{"typeOfSection":0,"sectionNotes":[[25600,0,0],[25800,1,0],[26000,2,0],[26200,3,0],[26400,2,0],[26600,2,0],[26800,0,0],[27100,3,0]],"lengthInSteps":16,"bpm":150,"changeBPM":false,"mustHitSection":false},{"typeOfSection":0,"sectionNotes":[[27200,0,0],[27400,1,0],[27600,2,0],[27800,3,0],[27900,3,0],[28100,2,0],[28300,0,0],[28300,3,0],[28400,2,0]],"lengthInSteps":16,"bpm":150,"changeBPM":false,"mustHitSection":false},{"typeOfSection":0,"sectionNotes":[[28800,0,0],[29000,1,0],[29200,2,0],[29400,3,0],[29600,2,0],[29800,2,0],[30000,0,0],[30300,3,0]],"lengthInSteps":16,"bpm":150,"changeBPM":false,"mustHitSection":true},{"typeOfSection":0,"sectionNotes":[[30400,0,0],[30600,3,0],[31100,3,0],[31200,3,0],[31400,1,0],[31700,1,0],[30800,0,0]],"lengthInSteps":16,"bpm":150,"changeBPM":false,"mustHitSection":true},{"typeOfSection":0,"sectionNotes":[[32000,1,0],[32400,0,0],[32600,3,0],[32800,0,0],[33000,3,0],[33200,3,0],[33300,0,0],[33500,3,0]],"lengthInSteps":16,"bpm":150,"changeBPM":false,"mustHitSection":false},{"typeOfSection":0,"sectionNotes":[[33600,0,0],[33800,3,0],[34000,3,0],[34200,2,0],[34400,1,0],[34500,2,0],[34700,3,0],[34900,0,0],[35000,3,0]],"lengthInSteps":16,"bpm":150,"changeBPM":false,"mustHitSection":false},{"typeOfSection":0,"sectionNotes":[[35200,2,0],[35600,3,0],[35800,3,0],[36000,2,0],[36200,0,0],[36400,2,0],[36600,2,0]],"lengthInSteps":16,"bpm":150,"changeBPM":false,"mustHitSection":true},{"typeOfSection":0,"sectionNotes":[[36800,0,0],[37200,3,0],[37400,3,0],[37600,2,0],[38200,1,0],[37800,0,0],[38000,0,0]],"lengthInSteps":16,"bpm":150,"changeBPM":false,"mustHitSection":true},{"typeOfSection":0,"sectionNotes":[[38400,3,0],[38600,3,0],[38800,3,0],[39000,0,0],[39200,2,0],[39400,1,0],[39600,2,0],[39700,1,0],[39900,2,0]],"lengthInSteps":16,"bpm":150,"changeBPM":false,"mustHitSection":false},{"typeOfSection":0,"sectionNotes":[[40000,0,0],[40600,3,0],[40800,1,0],[41400,1,0],[41200,2,0],[40200,3,0],[40400,0,0]],"lengthInSteps":16,"bpm":150,"changeBPM":false,"mustHitSection":false},{"typeOfSection":0,"sectionNotes":[[41600,5,0],[42000,5,0],[42200,5,0],[42500,5,0],[42700,5,0],[43000,6,0],[41600,3,0],[42200,3,0],[42400,2,0],[42600,1,0],[42800,2,0],[42900,1,0],[43100,0,0],[41800,0,0],[42000,0,0]],"lengthInSteps":16,"bpm":150,"changeBPM":false,"mustHitSection":true},{"typeOfSection":0,"sectionNotes":[[43200,5,0],[43600,5,0],[43800,5,0],[44100,5,0],[44300,5,0],[44600,6,0],[43400,6,0],[43500,5,0],[43200,2,0],[43300,0,0],[44600,0,0],[44400,0,0],[43600,3,0],[43800,3,0],[44000,2,0],[44200,2,0]],"lengthInSteps":16,"bpm":150,"changeBPM":false,"mustHitSection":true},{"typeOfSection":0,"sectionNotes":[[44900,0,0],[45100,3,0],[45300,2,0],[45500,3,0],[45700,0,0],[45900,1,0],[46200,2,0]],"lengthInSteps":16,"bpm":150,"changeBPM":false,"mustHitSection":false},{"typeOfSection":0,"sectionNotes":[[46400,2,0],[46600,3,0],[47200,1,0],[47000,3,0],[46800,0,0]],"lengthInSteps":16,"bpm":150,"changeBPM":false,"mustHitSection":false},{"typeOfSection":0,"sectionNotes":[[48200,0,0],[48400,2,0],[48600,3,0],[48800,0,0],[49000,2,0],[49200,3,0],[49400,1,0]],"lengthInSteps":16,"bpm":150,"changeBPM":false,"mustHitSection":false},{"typeOfSection":0,"sectionNotes":[[49600,0,0],[49800,2,0],[50000,3,0],[50200,0,0],[50400,2,0],[50600,2,0],[50800,1,0]],"lengthInSteps":16,"bpm":150,"changeBPM":false,"mustHitSection":false},{"typeOfSection":0,"sectionNotes":[[51400,0,0],[51600,3,0],[51800,2,0],[52000,3,0],[52200,0,0],[52400,1,0],[52600,2,0]],"lengthInSteps":16,"bpm":150,"changeBPM":false,"mustHitSection":true},{"typeOfSection":0,"sectionNotes":[[52800,0,0],[53000,3,0],[53400,3,0],[53200,2,0],[53600,1,0]],"lengthInSteps":16,"bpm":150,"changeBPM":false,"mustHitSection":true},{"typeOfSection":0,"sectionNotes":[[54600,0,0],[54800,2,0],[55000,3,0],[55200,2,0],[55400,0,0],[55600,2,0],[55800,3,0]],"lengthInSteps":16,"bpm":150,"changeBPM":false,"mustHitSection":true},{"typeOfSection":0,"sectionNotes":[[56000,0,0],[56200,3,0],[56400,1,0],[56600,1,0],[56800,1,0],[57000,1,0],[57200,1,0],[57400,1,0]],"lengthInSteps":16,"bpm":150,"changeBPM":false,"mustHitSection":true},{"typeOfSection":0,"sectionNotes":[[57800,0,0],[58000,3,0],[58200,2,0],[58400,3,0],[58600,0,0],[58800,1,0],[59100,2,0]],"lengthInSteps":16,"bpm":150,"changeBPM":false,"mustHitSection":false},{"typeOfSection":0,"sectionNotes":[[59300,2,0],[59500,3,0],[59700,2,0],[59900,0,0],[60100,1,0]],"lengthInSteps":16,"bpm":150,"changeBPM":false,"mustHitSection":false},{"typeOfSection":0,"sectionNotes":[[61000,0,0],[61600,0,0],[61800,3,0],[62000,2,0],[61200,2,0],[61400,3,0],[62200,1,0]],"lengthInSteps":16,"bpm":150,"changeBPM":false,"mustHitSection":false},{"typeOfSection":0,"sectionNotes":[[62500,0,0],[62700,3,0],[62900,2,0],[63100,0,0],[63300,3,0],[63500,3,0],[63700,1,0]],"lengthInSteps":16,"bpm":150,"changeBPM":false,"mustHitSection":false},{"typeOfSection":0,"sectionNotes":[[64200,0,0],[64400,3,0],[64600,2,0],[64800,3,0],[65000,0,0],[65200,1,0],[65500,2,0]],"lengthInSteps":16,"bpm":150,"changeBPM":false,"mustHitSection":true},{"typeOfSection":0,"sectionNotes":[[65600,0,0],[65800,3,0],[66000,2,0],[66200,3,0],[66400,1,0]],"lengthInSteps":16,"bpm":150,"changeBPM":false,"mustHitSection":true},{"typeOfSection":0,"sectionNotes":[[67400,0,0],[67600,3,0],[67800,2,0],[68000,0,0],[68200,3,0],[68400,2,0],[68600,0,0]],"lengthInSteps":16,"bpm":150,"changeBPM":false,"mustHitSection":true},{"typeOfSection":0,"sectionNotes":[[68800,0,0],[69000,3,0],[69200,1,0],[69400,1,0],[69600,1,0],[69800,1,0],[70000,1,0],[70200,1,0]],"lengthInSteps":16,"bpm":150,"changeBPM":false,"mustHitSection":true},{"typeOfSection":0,"sectionNotes":[[70400,1,0],[70800,0,0],[71000,3,0],[71200,0,0],[71400,3,0],[71600,3,0],[71800,2,0]],"lengthInSteps":16,"bpm":150,"changeBPM":false,"mustHitSection":false},{"typeOfSection":0,"sectionNotes":[[72000,0,0],[72200,3,0],[72400,3,0],[72600,2,0],[72800,1,0],[73000,3,0],[73200,0,0],[73400,3,0]],"lengthInSteps":16,"bpm":150,"changeBPM":false,"mustHitSection":false},{"typeOfSection":0,"sectionNotes":[[73600,2,0],[74000,3,0],[74200,3,0],[74400,2,0],[74600,0,0],[74800,2,0],[75000,2,0]],"lengthInSteps":16,"bpm":150,"changeBPM":false,"mustHitSection":true},{"typeOfSection":0,"sectionNotes":[[75200,0,0],[75600,3,0],[75800,3,0],[76000,2,0],[76600,1,0],[76200,0,0],[76400,0,0]],"lengthInSteps":16,"bpm":150,"changeBPM":false,"mustHitSection":true},{"typeOfSection":0,"sectionNotes":[[76800,3,0],[77000,3,0],[77200,3,0],[77400,0,0],[77600,2,0],[77800,1,0],[78000,2,0],[78100,1,0],[78300,2,0]],"lengthInSteps":16,"bpm":150,"changeBPM":false,"mustHitSection":false},{"typeOfSection":0,"sectionNotes":[[78400,0,0],[79000,3,0],[79200,1,0],[79600,2,0],[79800,1,0],[78600,3,0],[78800,0,0]],"lengthInSteps":16,"bpm":150,"changeBPM":false,"mustHitSection":false},{"typeOfSection":0,"sectionNotes":[[80000,3,0],[80600,3,0],[80800,2,0],[81000,1,0],[81200,2,0],[81300,1,0],[81500,0,0],[80200,0,0],[80400,0,0]],"lengthInSteps":16,"bpm":150,"changeBPM":false,"mustHitSection":true},{"typeOfSection":0,"sectionNotes":[[81600,2,0],[81700,0,0],[82200,3,0],[83000,0,0],[82800,0,0],[82000,3,0],[82400,2,0],[82600,2,0]],"lengthInSteps":16,"bpm":150,"changeBPM":false,"mustHitSection":true},{"typeOfSection":0,"sectionNotes":[[83400,0,0],[83600,3,0],[83800,2,0],[84000,3,0],[84200,0,0],[84400,1,0],[84700,2,0]],"lengthInSteps":16,"bpm":150,"changeBPM":false,"mustHitSection":false},{"typeOfSection":0,"sectionNotes":[[84800,2,0],[85000,3,0],[85200,0,0],[85400,3,0],[85600,1,0]],"lengthInSteps":16,"bpm":150,"changeBPM":false,"mustHitSection":false},{"typeOfSection":0,"sectionNotes":[[86600,0,0],[86800,2,0],[87000,3,0],[87200,0,0],[87400,2,0],[87600,3,0],[87800,1,0]],"lengthInSteps":16,"bpm":150,"changeBPM":false,"mustHitSection":false},{"typeOfSection":0,"sectionNotes":[[88000,0,0],[88200,2,0],[88400,3,0],[88600,0,0],[88800,2,0],[89000,2,0],[89300,1,0]],"lengthInSteps":16,"bpm":150,"changeBPM":false,"mustHitSection":false},{"lengthInSteps":16,"typeOfSection":0,"sectionNotes":[[89800,0,0],[90000,3,0],[90200,2,0],[90400,3,0],[90600,0,0],[90800,1,0],[91000,2,0]],"altAnim":false,"bpm":150,"changeBPM":false,"mustHitSection":true},{"lengthInSteps":16,"typeOfSection":0,"sectionNotes":[[91200,0,0],[91400,3,0],[91600,2,0],[91800,3,0],[92000,1,0]],"altAnim":false,"bpm":150,"changeBPM":false,"mustHitSection":true},{"lengthInSteps":16,"typeOfSection":0,"sectionNotes":[[93000,0,0],[93200,2,0],[93400,3,0],[93600,2,0],[93800,0,0],[94000,2,0],[94200,3,0]],"altAnim":false,"bpm":150,"changeBPM":false,"mustHitSection":true},{"lengthInSteps":16,"typeOfSection":0,"sectionNotes":[[94400,0,0],[94600,3,0],[94800,1,0],[95000,1,0],[95200,1,0],[95400,1,0],[95600,1,0],[95800,1,0]],"altAnim":false,"bpm":150,"changeBPM":false,"mustHitSection":true},{"lengthInSteps":16,"typeOfSection":0,"sectionNotes":[[96000,0,0],[96200,1,0],[96400,2,0],[96600,3,0],[96800,2,0],[97000,2,0],[97200,0,0],[97500,3,0]],"altAnim":false,"bpm":150,"changeBPM":false,"mustHitSection":false},{"lengthInSteps":16,"typeOfSection":0,"sectionNotes":[[97600,0,0],[97800,1,0],[98000,2,0],[98200,3,0],[98500,2,0],[98700,0,0],[98700,3,0],[98800,2,0]],"altAnim":false,"bpm":150,"changeBPM":false,"mustHitSection":false},{"lengthInSteps":16,"typeOfSection":0,"sectionNotes":[[99200,0,0],[99400,1,0],[99600,2,0],[99800,3,0],[100000,2,0],[100200,2,0],[100400,0,0],[100700,3,0]],"altAnim":false,"bpm":150,"changeBPM":false,"mustHitSection":true},{"lengthInSteps":16,"typeOfSection":0,"sectionNotes":[[100800,0,0],[101000,3,0],[101100,1,0],[101300,0,0],[101700,2,0],[101800,1,0],[101500,3,0],[102100,1,0]],"altAnim":false,"bpm":150,"changeBPM":false,"mustHitSection":true},{"lengthInSteps":16,"typeOfSection":0,"sectionNotes":[[102400,0,0],[102600,1,0],[102800,2,0],[103000,3,0],[103200,2,0],[103400,2,0],[103600,0,0],[103900,3,0]],"altAnim":false,"bpm":150,"changeBPM":false,"mustHitSection":false},{"lengthInSteps":16,"typeOfSection":0,"sectionNotes":[[104000,0,0],[104200,1,0],[104400,2,0],[104600,3,0],[104900,2,0],[105100,3,0],[105100,0,0],[105200,2,0]],"altAnim":false,"bpm":150,"changeBPM":false,"mustHitSection":false},{"lengthInSteps":16,"typeOfSection":0,"sectionNotes":[[105600,0,0],[105800,1,0],[106000,2,0],[106200,3,0],[106400,2,0],[106600,2,0],[106800,0,0],[107100,3,0]],"altAnim":false,"bpm":150,"changeBPM":false,"mustHitSection":true},{"lengthInSteps":16,"typeOfSection":0,"sectionNotes":[[107200,0,0],[107400,3,0],[107500,1,0],[107700,0,0],[107900,3,0],[108200,1,0],[108500,1,0]],"altAnim":false,"bpm":150,"changeBPM":false,"mustHitSection":true},{"lengthInSteps":16,"typeOfSection":0,"sectionNotes":[],"altAnim":false,"bpm":150,"changeBPM":false,"mustHitSection":true},{"lengthInSteps":16,"typeOfSection":0,"sectionNotes":[],"altAnim":false,"bpm":150,"changeBPM":false,"mustHitSection":true},{"sectionNotes":[],"typeOfSection":0,"lengthInSteps":16,"altAnim":false,"mustHitSection":true,"changeBPM":false,"bpm":150},{"sectionNotes":[],"typeOfSection":0,"lengthInSteps":16,"altAnim":false,"mustHitSection":true,"changeBPM":false,"bpm":150},{"lengthInSteps":16,"typeOfSection":0,"sectionNotes":[],"altAnim":false,"bpm":150,"changeBPM":false,"mustHitSection":true},{"lengthInSteps":16,"typeOfSection":0,"sectionNotes":[],"altAnim":false,"bpm":150,"changeBPM":false,"mustHitSection":true},{"lengthInSteps":16,"typeOfSection":0,"sectionNotes":[],"altAnim":false,"bpm":150,"changeBPM":false,"mustHitSection":true},{"lengthInSteps":16,"typeOfSection":0,"sectionNotes":[],"altAnim":false,"bpm":150,"changeBPM":false,"mustHitSection":true},{"lengthInSteps":16,"typeOfSection":0,"sectionNotes":[],"altAnim":false,"bpm":150,"changeBPM":false,"mustHitSection":true},{"sectionNotes":[],"typeOfSection":0,"lengthInSteps":16,"altAnim":false,"mustHitSection":true,"changeBPM":false,"bpm":150},{"sectionNotes":[],"typeOfSection":0,"lengthInSteps":16,"altAnim":false,"mustHitSection":true,"changeBPM":false,"bpm":150},{"sectionNotes":[],"typeOfSection":0,"lengthInSteps":16,"altAnim":false,"mustHitSection":true,"changeBPM":false,"bpm":150},{"lengthInSteps":16,"altAnim":false,"typeOfSection":0,"sectionNotes":[],"bpm":150,"changeBPM":false,"mustHitSection":true}],"sections":81,"bpm":150,"song":{"sectionLengths":[],"player1":"bf","player2":"pico","notes":[{"typeOfSection":0,"sectionNotes":[],"lengthInSteps":16,"bpm":95,"changeBPM":false,"mustHitSection":true},{"typeOfSection":0,"sectionNotes":[],"lengthInSteps":16,"bpm":95,"changeBPM":false,"mustHitSection":true},{"typeOfSection":0,"sectionNotes":[],"lengthInSteps":16,"bpm":150,"changeBPM":false,"mustHitSection":false},{"typeOfSection":0,"sectionNotes":[],"lengthInSteps":16,"bpm":150,"changeBPM":false,"mustHitSection":false},{"typeOfSection":0,"sectionNotes":[[6400,1,0],[6800,0,0],[7000,3,0],[7200,0,0],[7400,3,0],[7600,3,0],[7700,0,0],[7900,3,0]],"lengthInSteps":16,"bpm":150,"changeBPM":false,"mustHitSection":false},{"typeOfSection":0,"sectionNotes":[[8000,0,0],[8200,3,0],[8400,3,0],[8600,2,0],[8900,2,0],[9100,3,0],[9300,0,0],[9400,3,0]],"lengthInSteps":16,"bpm":150,"changeBPM":false,"mustHitSection":false},{"typeOfSection":0,"sectionNotes":[[9600,2,0],[10000,3,0],[10200,3,0],[10400,2,0],[10600,0,0],[10800,2,0],[11000,2,0]],"lengthInSteps":16,"bpm":150,"changeBPM":false,"mustHitSection":true},{"typeOfSection":0,"sectionNotes":[[11200,0,0],[11600,3,0],[11800,3,0],[12000,2,0],[12600,1,0],[12200,0,0],[12400,0,0]],"lengthInSteps":16,"bpm":150,"changeBPM":false,"mustHitSection":true},{"typeOfSection":0,"sectionNotes":[[12800,3,0],[13200,3,0],[13400,0,0],[13600,2,0],[13800,1,0],[13000,0,0],[14000,2,0],[14200,1,0]],"lengthInSteps":16,"bpm":150,"changeBPM":false,"mustHitSection":false},{"typeOfSection":0,"sectionNotes":[[14400,0,0],[14700,0,0],[14800,3,0],[15000,3,0],[15200,1,0],[15600,2,0],[15800,1,0]],"lengthInSteps":16,"bpm":150,"changeBPM":false,"mustHitSection":false},{"typeOfSection":0,"sectionNotes":[[16000,3,0],[16600,3,0],[16800,2,0],[17000,1,0],[17200,2,0],[17300,1,0],[17500,0,0],[16200,0,0],[16400,0,0]],"lengthInSteps":16,"bpm":150,"changeBPM":false,"mustHitSection":true},{"typeOfSection":0,"sectionNotes":[[17600,2,0],[18000,3,0],[18200,3,0],[18800,0,0],[19000,0,0],[17800,0,0],[18400,2,0],[18600,2,0]],"lengthInSteps":16,"bpm":150,"changeBPM":false,"mustHitSection":true},{"typeOfSection":0,"sectionNotes":[[19200,0,0],[19400,1,0],[19600,2,0],[19800,3,0],[20000,2,0],[20200,2,0],[20400,0,0],[20700,3,0]],"lengthInSteps":16,"bpm":150,"changeBPM":false,"mustHitSection":false},{"typeOfSection":0,"sectionNotes":[[20800,0,0],[21000,1,0],[21200,2,0],[21400,3,0],[21500,3,0],[21700,2,0],[21900,0,0],[22000,2,0],[21900,3,0]],"lengthInSteps":16,"bpm":150,"changeBPM":false,"mustHitSection":false},{"typeOfSection":0,"sectionNotes":[[22400,0,0],[22600,1,0],[22800,2,0],[23000,3,0],[23200,2,0],[23400,2,0],[23600,0,0],[23900,3,0]],"lengthInSteps":16,"bpm":150,"changeBPM":false,"mustHitSection":true},{"typeOfSection":0,"sectionNotes":[[24000,0,0],[24600,3,0],[24200,3,0],[24700,3,0],[25000,1,0],[24400,0,0],[25300,1,0],[24800,2,0]],"lengthInSteps":16,"bpm":150,"changeBPM":false,"mustHitSection":true},{"typeOfSection":0,"sectionNotes":[[25600,0,0],[25800,1,0],[26000,2,0],[26200,3,0],[26400,2,0],[26600,2,0],[26800,0,0],[27100,3,0]],"lengthInSteps":16,"bpm":150,"changeBPM":false,"mustHitSection":false},{"typeOfSection":0,"sectionNotes":[[27200,0,0],[27400,1,0],[27600,2,0],[27800,3,0],[27900,3,0],[28100,2,0],[28300,0,0],[28300,3,0],[28400,2,0]],"lengthInSteps":16,"bpm":150,"changeBPM":false,"mustHitSection":false},{"typeOfSection":0,"sectionNotes":[[28800,0,0],[29000,1,0],[29200,2,0],[29400,3,0],[29600,2,0],[29800,2,0],[30000,0,0],[30300,3,0]],"lengthInSteps":16,"bpm":150,"changeBPM":false,"mustHitSection":true},{"typeOfSection":0,"sectionNotes":[[30400,0,0],[30600,3,0],[31100,3,0],[31200,3,0],[31400,1,0],[31700,1,0],[30800,0,0]],"lengthInSteps":16,"bpm":150,"changeBPM":false,"mustHitSection":true},{"typeOfSection":0,"sectionNotes":[[32000,1,0],[32400,0,0],[32600,3,0],[32800,0,0],[33000,3,0],[33200,3,0],[33300,0,0],[33500,3,0]],"lengthInSteps":16,"bpm":150,"changeBPM":false,"mustHitSection":false},{"typeOfSection":0,"sectionNotes":[[33600,0,0],[33800,3,0],[34000,3,0],[34200,2,0],[34400,1,0],[34500,2,0],[34700,3,0],[34900,0,0],[35000,3,0]],"lengthInSteps":16,"bpm":150,"changeBPM":false,"mustHitSection":false},{"typeOfSection":0,"sectionNotes":[[35200,2,0],[35600,3,0],[35800,3,0],[36000,2,0],[36200,0,0],[36400,2,0],[36600,2,0]],"lengthInSteps":16,"bpm":150,"changeBPM":false,"mustHitSection":true},{"typeOfSection":0,"sectionNotes":[[36800,0,0],[37200,3,0],[37400,3,0],[37600,2,0],[38200,1,0],[37800,0,0],[38000,0,0]],"lengthInSteps":16,"bpm":150,"changeBPM":false,"mustHitSection":true},{"typeOfSection":0,"sectionNotes":[[38400,3,0],[38600,3,0],[38800,3,0],[39000,0,0],[39200,2,0],[39400,1,0],[39600,2,0],[39700,1,0],[39900,2,0]],"lengthInSteps":16,"bpm":150,"changeBPM":false,"mustHitSection":false},{"typeOfSection":0,"sectionNotes":[[40000,0,0],[40600,3,0],[40800,1,0],[41400,1,0],[41200,2,0],[40200,3,0],[40400,0,0]],"lengthInSteps":16,"bpm":150,"changeBPM":false,"mustHitSection":false},{"typeOfSection":0,"sectionNotes":[[41600,5,0],[42000,5,0],[42200,5,0],[42500,5,0],[42700,5,0],[43000,6,0],[41600,3,0],[42200,3,0],[42400,2,0],[42600,1,0],[42800,2,0],[42900,1,0],[43100,0,0],[41800,0,0],[42000,0,0]],"lengthInSteps":16,"bpm":150,"changeBPM":false,"mustHitSection":true},{"typeOfSection":0,"sectionNotes":[[43200,5,0],[43600,5,0],[43800,5,0],[44100,5,0],[44300,5,0],[44600,6,0],[43400,6,0],[43500,5,0],[43200,2,0],[43300,0,0],[44600,0,0],[44400,0,0],[43600,3,0],[43800,3,0],[44000,2,0],[44200,2,0]],"lengthInSteps":16,"bpm":150,"changeBPM":false,"mustHitSection":true},{"typeOfSection":0,"sectionNotes":[[44900,0,0],[45100,3,0],[45300,2,0],[45500,3,0],[45700,0,0],[45900,1,0],[46200,2,0]],"lengthInSteps":16,"bpm":150,"changeBPM":false,"mustHitSection":false},{"typeOfSection":0,"sectionNotes":[[46400,2,0],[46600,3,0],[47200,1,0],[47000,3,0],[46800,0,0]],"lengthInSteps":16,"bpm":150,"changeBPM":false,"mustHitSection":false},{"typeOfSection":0,"sectionNotes":[[48200,0,0],[48400,2,0],[48600,3,0],[48800,0,0],[49000,2,0],[49200,3,0],[49400,1,0]],"lengthInSteps":16,"bpm":150,"changeBPM":false,"mustHitSection":false},{"typeOfSection":0,"sectionNotes":[[49600,0,0],[49800,2,0],[50000,3,0],[50200,0,0],[50400,2,0],[50600,2,0],[50800,1,0]],"lengthInSteps":16,"bpm":150,"changeBPM":false,"mustHitSection":false},{"typeOfSection":0,"sectionNotes":[[51400,0,0],[51600,3,0],[51800,2,0],[52000,3,0],[52200,0,0],[52400,1,0],[52600,2,0]],"lengthInSteps":16,"bpm":150,"changeBPM":false,"mustHitSection":true},{"typeOfSection":0,"sectionNotes":[[52800,0,0],[53000,3,0],[53400,3,0],[53200,2,0],[53600,1,0]],"lengthInSteps":16,"bpm":150,"changeBPM":false,"mustHitSection":true},{"typeOfSection":0,"sectionNotes":[[54600,0,0],[54800,2,0],[55000,3,0],[55200,2,0],[55400,0,0],[55600,2,0],[55800,3,0]],"lengthInSteps":16,"bpm":150,"changeBPM":false,"mustHitSection":true},{"typeOfSection":0,"sectionNotes":[[56000,0,0],[56200,3,0],[56400,1,0],[56600,1,0],[56800,1,0],[57000,1,0],[57200,1,0],[57400,1,0]],"lengthInSteps":16,"bpm":150,"changeBPM":false,"mustHitSection":true},{"typeOfSection":0,"sectionNotes":[[57800,0,0],[58000,3,0],[58200,2,0],[58400,3,0],[58600,0,0],[58800,1,0],[59100,2,0]],"lengthInSteps":16,"bpm":150,"changeBPM":false,"mustHitSection":false},{"typeOfSection":0,"sectionNotes":[[59300,2,0],[59500,3,0],[59700,2,0],[59900,0,0],[60100,1,0]],"lengthInSteps":16,"bpm":150,"changeBPM":false,"mustHitSection":false},{"typeOfSection":0,"sectionNotes":[[61000,0,0],[61600,0,0],[61800,3,0],[62000,2,0],[61200,2,0],[61400,3,0],[62200,1,0]],"lengthInSteps":16,"bpm":150,"changeBPM":false,"mustHitSection":false},{"typeOfSection":0,"sectionNotes":[[62500,0,0],[62700,3,0],[62900,2,0],[63100,0,0],[63300,3,0],[63500,3,0],[63700,1,0]],"lengthInSteps":16,"bpm":150,"changeBPM":false,"mustHitSection":false},{"typeOfSection":0,"sectionNotes":[[64200,0,0],[64400,3,0],[64600,2,0],[64800,3,0],[65000,0,0],[65200,1,0],[65500,2,0]],"lengthInSteps":16,"bpm":150,"changeBPM":false,"mustHitSection":true},{"typeOfSection":0,"sectionNotes":[[65600,0,0],[65800,3,0],[66000,2,0],[66200,3,0],[66400,1,0]],"lengthInSteps":16,"bpm":150,"changeBPM":false,"mustHitSection":true},{"typeOfSection":0,"sectionNotes":[[67400,0,0],[67600,3,0],[67800,2,0],[68000,0,0],[68200,3,0],[68400,2,0],[68600,0,0]],"lengthInSteps":16,"bpm":150,"changeBPM":false,"mustHitSection":true},{"typeOfSection":0,"sectionNotes":[[68800,0,0],[69000,3,0],[69200,1,0],[69400,1,0],[69600,1,0],[69800,1,0],[70000,1,0],[70200,1,0]],"lengthInSteps":16,"bpm":150,"changeBPM":false,"mustHitSection":true},{"typeOfSection":0,"sectionNotes":[[70400,1,0],[70800,0,0],[71000,3,0],[71200,0,0],[71400,3,0],[71600,3,0],[71800,2,0]],"lengthInSteps":16,"bpm":150,"changeBPM":false,"mustHitSection":false},{"typeOfSection":0,"sectionNotes":[[72000,0,0],[72200,3,0],[72400,3,0],[72600,2,0],[72800,1,0],[73000,3,0],[73200,0,0],[73400,3,0]],"lengthInSteps":16,"bpm":150,"changeBPM":false,"mustHitSection":false},{"typeOfSection":0,"sectionNotes":[[73600,2,0],[74000,3,0],[74200,3,0],[74400,2,0],[74600,0,0],[74800,2,0],[75000,2,0]],"lengthInSteps":16,"bpm":150,"changeBPM":false,"mustHitSection":true},{"typeOfSection":0,"sectionNotes":[[75200,0,0],[75600,3,0],[75800,3,0],[76000,2,0],[76600,1,0],[76200,0,0],[76400,0,0]],"lengthInSteps":16,"bpm":150,"changeBPM":false,"mustHitSection":true},{"typeOfSection":0,"sectionNotes":[[76800,3,0],[77000,3,0],[77200,3,0],[77400,0,0],[77600,2,0],[77800,1,0],[78000,2,0],[78100,1,0],[78300,2,0]],"lengthInSteps":16,"bpm":150,"changeBPM":false,"mustHitSection":false},{"typeOfSection":0,"sectionNotes":[[78400,0,0],[79000,3,0],[79200,1,0],[79600,2,0],[79800,1,0],[78600,3,0],[78800,0,0]],"lengthInSteps":16,"bpm":150,"changeBPM":false,"mustHitSection":false},{"typeOfSection":0,"sectionNotes":[[80000,3,0],[80600,3,0],[80800,2,0],[81000,1,0],[81200,2,0],[81300,1,0],[81500,0,0],[80200,0,0],[80400,0,0]],"lengthInSteps":16,"bpm":150,"changeBPM":false,"mustHitSection":true},{"typeOfSection":0,"sectionNotes":[[81600,2,0],[81700,0,0],[82200,3,0],[83000,0,0],[82800,0,0],[82000,3,0],[82400,2,0],[82600,2,0]],"lengthInSteps":16,"bpm":150,"changeBPM":false,"mustHitSection":true},{"typeOfSection":0,"sectionNotes":[[83400,0,0],[83600,3,0],[83800,2,0],[84000,3,0],[84200,0,0],[84400,1,0],[84700,2,0]],"lengthInSteps":16,"bpm":150,"changeBPM":false,"mustHitSection":false},{"typeOfSection":0,"sectionNotes":[[84800,2,0],[85000,3,0],[85200,0,0],[85400,3,0],[85600,1,0]],"lengthInSteps":16,"bpm":150,"changeBPM":false,"mustHitSection":false},{"typeOfSection":0,"sectionNotes":[[86600,0,0],[86800,2,0],[87000,3,0],[87200,0,0],[87400,2,0],[87600,3,0],[87800,1,0]],"lengthInSteps":16,"bpm":150,"changeBPM":false,"mustHitSection":false},{"typeOfSection":0,"sectionNotes":[[88000,0,0],[88200,2,0],[88400,3,0],[88600,0,0],[88800,2,0],[89000,2,0],[89300,1,0]],"lengthInSteps":16,"bpm":150,"changeBPM":false,"mustHitSection":false},{"lengthInSteps":16,"typeOfSection":0,"sectionNotes":[[89800,0,0],[90000,3,0],[90200,2,0],[90400,3,0],[90600,0,0],[90800,1,0],[91000,2,0]],"altAnim":false,"bpm":150,"changeBPM":false,"mustHitSection":true},{"lengthInSteps":16,"typeOfSection":0,"sectionNotes":[[91200,0,0],[91400,3,0],[91600,2,0],[91800,3,0],[92000,1,0]],"altAnim":false,"bpm":150,"changeBPM":false,"mustHitSection":true},{"lengthInSteps":16,"typeOfSection":0,"sectionNotes":[[93000,0,0],[93200,2,0],[93400,3,0],[93600,2,0],[93800,0,0],[94000,2,0],[94200,3,0]],"altAnim":false,"bpm":150,"changeBPM":false,"mustHitSection":true},{"lengthInSteps":16,"typeOfSection":0,"sectionNotes":[[94400,0,0],[94600,3,0],[94800,1,0],[95000,1,0],[95200,1,0],[95400,1,0],[95600,1,0],[95800,1,0]],"altAnim":false,"bpm":150,"changeBPM":false,"mustHitSection":true},{"lengthInSteps":16,"typeOfSection":0,"sectionNotes":[[96000,0,0],[96200,1,0],[96400,2,0],[96600,3,0],[96800,2,0],[97000,2,0],[97200,0,0],[97500,3,0]],"altAnim":false,"bpm":150,"changeBPM":false,"mustHitSection":false},{"lengthInSteps":16,"typeOfSection":0,"sectionNotes":[[97600,0,0],[97800,1,0],[98000,2,0],[98200,3,0],[98500,2,0],[98700,0,0],[98700,3,0],[98800,2,0]],"altAnim":false,"bpm":150,"changeBPM":false,"mustHitSection":false},{"lengthInSteps":16,"typeOfSection":0,"sectionNotes":[[99200,0,0],[99400,1,0],[99600,2,0],[99800,3,0],[100000,2,0],[100200,2,0],[100400,0,0],[100700,3,0]],"altAnim":false,"bpm":150,"changeBPM":false,"mustHitSection":true},{"lengthInSteps":16,"typeOfSection":0,"sectionNotes":[[100800,0,0],[101000,3,0],[101100,1,0],[101300,0,0],[101700,2,0],[101800,1,0],[101500,3,0],[102100,1,0]],"altAnim":false,"bpm":150,"changeBPM":false,"mustHitSection":true},{"lengthInSteps":16,"typeOfSection":0,"sectionNotes":[[102400,0,0],[102600,1,0],[102800,2,0],[103000,3,0],[103200,2,0],[103400,2,0],[103600,0,0],[103900,3,0]],"altAnim":false,"bpm":150,"changeBPM":false,"mustHitSection":false},{"lengthInSteps":16,"typeOfSection":0,"sectionNotes":[[104000,0,0],[104200,1,0],[104400,2,0],[104600,3,0],[104900,2,0],[105100,3,0],[105100,0,0],[105200,2,0]],"altAnim":false,"bpm":150,"changeBPM":false,"mustHitSection":false},{"lengthInSteps":16,"typeOfSection":0,"sectionNotes":[[105600,0,0],[105800,1,0],[106000,2,0],[106200,3,0],[106400,2,0],[106600,2,0],[106800,0,0],[107100,3,0]],"altAnim":false,"bpm":150,"changeBPM":false,"mustHitSection":true},{"lengthInSteps":16,"typeOfSection":0,"sectionNotes":[[107200,0,0],[107400,3,0],[107500,1,0],[107700,0,0],[107900,3,0],[108200,1,0],[108500,1,0]],"altAnim":false,"bpm":150,"changeBPM":false,"mustHitSection":true},{"lengthInSteps":16,"typeOfSection":0,"sectionNotes":[],"altAnim":false,"bpm":150,"changeBPM":false,"mustHitSection":true},{"lengthInSteps":16,"typeOfSection":0,"sectionNotes":[],"altAnim":false,"bpm":150,"changeBPM":false,"mustHitSection":true},{"sectionNotes":[],"typeOfSection":0,"lengthInSteps":16,"altAnim":false,"mustHitSection":true,"changeBPM":false,"bpm":150},{"sectionNotes":[],"typeOfSection":0,"lengthInSteps":16,"altAnim":false,"mustHitSection":true,"changeBPM":false,"bpm":150},{"lengthInSteps":16,"typeOfSection":0,"sectionNotes":[],"altAnim":false,"bpm":150,"changeBPM":false,"mustHitSection":true},{"lengthInSteps":16,"typeOfSection":0,"sectionNotes":[],"altAnim":false,"bpm":150,"changeBPM":false,"mustHitSection":true},{"lengthInSteps":16,"typeOfSection":0,"sectionNotes":[],"altAnim":false,"bpm":150,"changeBPM":false,"mustHitSection":true},{"lengthInSteps":16,"typeOfSection":0,"sectionNotes":[],"altAnim":false,"bpm":150,"changeBPM":false,"mustHitSection":true},{"lengthInSteps":16,"typeOfSection":0,"sectionNotes":[],"altAnim":false,"bpm":150,"changeBPM":false,"mustHitSection":true},{"sectionNotes":[],"typeOfSection":0,"lengthInSteps":16,"altAnim":false,"mustHitSection":true,"changeBPM":false,"bpm":150},{"sectionNotes":[],"typeOfSection":0,"lengthInSteps":16,"altAnim":false,"mustHitSection":true,"changeBPM":false,"bpm":150},{"sectionNotes":[],"typeOfSection":0,"lengthInSteps":16,"altAnim":false,"mustHitSection":true,"changeBPM":false,"bpm":150},{"lengthInSteps":16,"altAnim":false,"typeOfSection":0,"sectionNotes":[],"bpm":150,"changeBPM":false,"mustHitSection":true}],"song":"Pico","validScore":true,"sections":0,"needsVoices":true,"speed":2,"bpm":150}}