{"song":{"player1":"bf","sectionLengths":[],"notes":[{"typeOfSection":0,"lengthInSteps":16,"sectionNotes":[],"mustHitSection":true},{"typeOfSection":0,"lengthInSteps":16,"sectionNotes":[],"mustHitSection":true},{"typeOfSection":0,"lengthInSteps":16,"sectionNotes":[],"mustHitSection":true},{"typeOfSection":0,"lengthInSteps":16,"sectionNotes":[],"mustHitSection":true},{"typeOfSection":0,"lengthInSteps":16,"sectionNotes":[],"mustHitSection":true},{"typeOfSection":0,"lengthInSteps":16,"sectionNotes":[],"mustHitSection":true},{"typeOfSection":0,"lengthInSteps":16,"sectionNotes":[],"mustHitSection":true},{"typeOfSection":0,"lengthInSteps":16,"sectionNotes":[],"mustHitSection":true},{"typeOfSection":0,"lengthInSteps":16,"sectionNotes":[[12000,0,0],[12187.5,2,0],[12375,1,0],[12562.5,3,0],[12750,1,0],[12937.5,2,0],[13125,0,0],[13312.5,2,0]],"mustHitSection":false},{"typeOfSection":0,"lengthInSteps":16,"sectionNotes":[[13500,3,0],[13687.5,0,0],[14250,1,0],[14437.5,2,0],[14625,0,0],[14812.5,3,0],[14062.5,2,0]],"mustHitSection":false},{"typeOfSection":0,"lengthInSteps":16,"sectionNotes":[[15000,2,0],[15187.5,0,0],[15375,2,0],[15562.5,1,0],[15750,2,0],[15937.5,1,0],[16125,3,0],[16312.5,0,0]],"mustHitSection":false},{"typeOfSection":0,"lengthInSteps":16,"sectionNotes":[[16875,0,0],[17062.5,3,0],[17250,1,0],[17437.5,2,0],[17625,0,272.727272727273],[16500,1,0]],"mustHitSection":false},{"typeOfSection":0,"lengthInSteps":16,"sectionNotes":[[18000,0,0],[18187.5,2,0],[18375,1,0],[18562.5,3,0],[18750,1,0],[18937.5,2,0],[19125,0,0],[19312.5,2,0]],"mustHitSection":true},{"typeOfSection":0,"lengthInSteps":16,"sectionNotes":[[19500,3,0],[19687.5,0,0],[20250,1,0],[20437.5,2,0],[20625,0,0],[20812.5,3,0],[20062.5,2,0]],"mustHitSection":true},{"typeOfSection":0,"lengthInSteps":16,"sectionNotes":[[21000,2,0],[21187.5,0,0],[21375,2,0],[21562.5,1,0],[21750,2,0],[21937.5,1,0],[22125,3,0],[22312.5,0,0]],"mustHitSection":true},{"typeOfSection":0,"lengthInSteps":16,"sectionNotes":[[22500,1,0],[22875,0,0],[23062.5,3,0],[23250,1,0],[23437.5,2,0],[23625,0,272.727272727273],[22687.5,2,0]],"mustHitSection":true},{"typeOfSection":0,"lengthInSteps":16,"sectionNotes":[[24000,0,0],[24187.5,2,0],[24937.5,0,454.545454545454],[24562.5,1,0]],"mustHitSection":false},{"typeOfSection":0,"lengthInSteps":16,"sectionNotes":[[25500,3,0],[25687.5,1,0],[25875,3,0],[26062.5,0,0],[26250,2,0],[26437.5,1,0],[26625,3,0],[26812.5,0,0]],"mustHitSection":false},{"typeOfSection":0,"lengthInSteps":16,"sectionNotes":[[27375,0,0],[27937.5,2,454.545454545454],[27000,2,0]],"mustHitSection":false},{"typeOfSection":0,"lengthInSteps":16,"sectionNotes":[[28500,0,0],[28687.5,3,0],[28875,1,0],[29250,2,0],[29437.5,0,0],[29625,2,0]],"mustHitSection":false},{"typeOfSection":0,"lengthInSteps":16,"sectionNotes":[[30000,0,0],[30187.5,2,0],[30937.5,0,454.545454545454],[30562.5,1,0]],"mustHitSection":true},{"typeOfSection":0,"lengthInSteps":16,"sectionNotes":[[31500,3,0],[31687.5,1,0],[31875,3,0],[32062.5,0,0],[32250,2,0],[32437.5,1,0],[32625,3,0],[32812.5,0,0]],"mustHitSection":true},{"typeOfSection":0,"lengthInSteps":16,"sectionNotes":[[33375,0,0],[33937.5,2,454.545454545454],[33000,2,0]],"mustHitSection":true},{"typeOfSection":0,"lengthInSteps":16,"sectionNotes":[[34500,0,0],[34687.5,3,0],[34875,1,0],[35250,2,0],[35437.5,0,0],[35625,2,0]],"mustHitSection":true},{"typeOfSection":0,"lengthInSteps":16,"sectionNotes":[[36000,0,0],[36187.5,2,0],[36375,0,0],[36562.5,3,0],[36750,0,0],[36937.5,2,0],[37125,0,0],[37312.5,3,0]],"mustHitSection":false},{"typeOfSection":0,"lengthInSteps":16,"sectionNotes":[[37500,1,0],[37687.5,3,0],[37875,0,272.727272727273],[38250,2,272.727272727273],[38625,1,272.727272727273]],"mustHitSection":false},{"typeOfSection":0,"lengthInSteps":16,"sectionNotes":[[39000,3,0],[39187.5,1,0],[39375,2,0],[39562.5,0,0],[39750,2,0],[40125,1,0],[40312.5,3,0]],"mustHitSection":false},{"typeOfSection":0,"lengthInSteps":16,"sectionNotes":[[40500,0,0],[40687.5,2,0],[40875,1,0],[41437.5,0,0],[41156.25,1,0],[41812.5,2,0]],"mustHitSection":false},{"typeOfSection":0,"lengthInSteps":16,"sectionNotes":[[42000,0,0],[42187.5,2,0],[42375,0,0],[42562.5,3,0],[42750,0,0],[42937.5,2,0],[43125,0,0],[43312.5,3,0]],"mustHitSection":true},{"typeOfSection":0,"lengthInSteps":16,"sectionNotes":[[43500,1,0],[43687.5,3,0],[43875,0,272.727272727273],[44250,2,272.727272727273],[44625,1,272.727272727273]],"mustHitSection":true},{"typeOfSection":0,"lengthInSteps":16,"sectionNotes":[[45000,3,0],[45187.5,1,0],[45375,2,0],[45562.5,0,0],[45750,2,0],[46125,1,0],[46312.5,3,0]],"mustHitSection":true},{"typeOfSection":0,"lengthInSteps":16,"sectionNotes":[[46500,0,0],[46687.5,2,0],[46875,1,0],[47437.5,0,0],[47156.25,1,0],[47812.5,2,0]],"mustHitSection":true},{"typeOfSection":0,"lengthInSteps":16,"sectionNotes":[[48000,3,0],[48750,3,0],[48937.5,1,0],[48187.5,1,0],[48562.5,1,0],[49312.5,1,0]],"mustHitSection":false},{"typeOfSection":0,"lengthInSteps":16,"sectionNotes":[[49500,3,0],[49687.5,0,0],[49875,2,0],[50062.5,1,0],[50250,3,0],[50437.5,0,0],[50625,2,0]],"mustHitSection":false},{"typeOfSection":0,"lengthInSteps":16,"sectionNotes":[[51000,3,0],[51375,3,0],[51562.5,0,0],[51750,3,0],[51937.5,2,0],[52125,3,0],[52312.5,1,0],[51187.5,2,0]],"mustHitSection":false},{"typeOfSection":0,"lengthInSteps":16,"sectionNotes":[[52500,2,181.818181818182],[52781.25,0,181.818181818182],[53062.5,3,181.818181818182],[53812.5,1,0],[53343.75,3,0]],"mustHitSection":false},{"typeOfSection":0,"lengthInSteps":16,"sectionNotes":[[54000,3,0],[54187.5,1,0],[54750,3,0],[54937.5,1,0],[55312.5,1,0],[54562.5,1,0]],"mustHitSection":true},{"typeOfSection":0,"lengthInSteps":16,"sectionNotes":[[55500,3,0],[55687.5,0,0],[55875,2,0],[56250,3,0],[56437.5,0,0],[56625,2,0]],"mustHitSection":true},{"typeOfSection":0,"lengthInSteps":16,"sectionNotes":[[57000,3,0],[57187.5,2,0],[57375,3,0],[57562.5,0,0],[57750,3,0],[57937.5,2,0],[58125,3,0],[58312.5,1,0]],"mustHitSection":true},{"typeOfSection":0,"lengthInSteps":16,"sectionNotes":[[58500,2,181.818181818182],[58781.25,0,181.818181818182],[59062.5,3,181.818181818182],[59343.75,2,0],[59812.5,1,0],[59250,5,0],[59437.5,7,0],[59531.25,3,0],[59812.5,5,0]],"mustHitSection":true},{"typeOfSection":0,"lengthInSteps":16,"sectionNotes":[[60000,0,0],[60187.5,2,0],[60375,1,0],[60562.5,3,0],[60750,1,0],[60937.5,2,0],[61125,0,0]],"mustHitSection":false},{"typeOfSection":0,"lengthInSteps":16,"sectionNotes":[[61500,3,0],[61687.5,0,0],[62062.5,3,0],[62250,1,0],[62437.5,2,0],[62625,0,0]],"mustHitSection":false},{"typeOfSection":0,"lengthInSteps":16,"sectionNotes":[[63000,2,0],[63187.5,0,0],[63375,2,0],[63750,2,0],[63937.5,0,0],[64125,3,0],[64312.5,1,0]],"mustHitSection":false},{"typeOfSection":0,"lengthInSteps":16,"sectionNotes":[[64500,1,0],[64687.5,2,0],[64875,0,0],[65062.5,3,0],[65437.5,2,0],[65625,0,272.727272727273],[65437.5,7,0],[65812.5,5,0],[65250,5,0]],"mustHitSection":false},{"typeOfSection":0,"lengthInSteps":16,"sectionNotes":[[66000,0,0],[66187.5,2,0],[66375,1,0],[66562.5,3,0],[66750,1,0],[66937.5,2,0],[67312.5,2,0],[67125,0,0]],"mustHitSection":true},{"typeOfSection":0,"lengthInSteps":16,"sectionNotes":[[67500,3,0],[67687.5,0,0],[68062.5,3,0],[68250,1,0],[68437.5,2,0],[68625,0,0],[68812.5,3,0]],"mustHitSection":true},{"typeOfSection":0,"lengthInSteps":16,"sectionNotes":[[69937.5,2,0],[70125,0,0],[69562.5,1,0],[69000,1,0],[69187.5,2,0],[69375,0,0]],"mustHitSection":true},{"typeOfSection":0,"lengthInSteps":16,"sectionNotes":[[70875,0,0],[71062.5,3,0],[71250,1,0],[71437.5,2,0],[71625,0,272.727272727273],[71437.5,7,0],[71250,5,0],[71812.5,5,0],[70500,2,0]],"mustHitSection":true},{"typeOfSection":0,"lengthInSteps":16,"sectionNotes":[[72000,0,0],[72187.5,2,0],[72937.5,0,454.545454545454],[72562.5,1,0]],"mustHitSection":false},{"typeOfSection":0,"lengthInSteps":16,"sectionNotes":[[73500,3,0],[73687.5,1,0],[74812.5,3,0],[74062.5,1,0],[74250,3,0],[74437.5,1,0]],"mustHitSection":false},{"typeOfSection":0,"lengthInSteps":16,"sectionNotes":[[75000,1,0],[75187.5,2,0],[75375,0,0],[75937.5,2,454.545454545454]],"mustHitSection":false},{"typeOfSection":0,"lengthInSteps":16,"sectionNotes":[[76500,0,0],[76687.5,3,0],[77250,5,0],[76875,1,0],[77250,2,0],[77437.5,7,0],[77437.5,0,0],[77625,2,0],[77812.5,5,0]],"mustHitSection":false},{"typeOfSection":0,"lengthInSteps":16,"sectionNotes":[[78000,0,0],[78187.5,2,0],[78937.5,0,454.545454545454],[78562.5,1,0]],"mustHitSection":true},{"typeOfSection":0,"lengthInSteps":16,"sectionNotes":[[79500,3,0],[79687.5,1,0],[79875,3,0],[80625,1,0],[80812.5,3,0],[80062.5,1,0]],"mustHitSection":true},{"typeOfSection":0,"lengthInSteps":16,"sectionNotes":[[81000,1,0],[81187.5,2,0],[81375,0,0],[81937.5,2,454.545454545454]],"mustHitSection":true},{"typeOfSection":0,"lengthInSteps":16,"sectionNotes":[[82500,0,0],[82687.5,3,0],[82875,1,0],[83250,2,0],[83437.5,0,0],[83625,2,0]],"mustHitSection":true},{"typeOfSection":0,"lengthInSteps":16,"sectionNotes":[],"mustHitSection":true},{"typeOfSection":0,"lengthInSteps":16,"sectionNotes":[],"mustHitSection":true},{"typeOfSection":0,"lengthInSteps":16,"sectionNotes":[],"mustHitSection":true},{"typeOfSection":0,"lengthInSteps":16,"sectionNotes":[],"mustHitSection":true},{"lengthInSteps":16,"sectionNotes":[],"typeOfSection":0,"mustHitSection":true,"changeBPM":false,"bpm":165},{"lengthInSteps":16,"sectionNotes":[],"typeOfSection":0,"mustHitSection":true,"changeBPM":false,"bpm":165},{"lengthInSteps":16,"sectionNotes":[],"typeOfSection":0,"mustHitSection":true,"changeBPM":false,"bpm":165},{"sectionNotes":[],"typeOfSection":0,"lengthInSteps":16,"altAnim":false,"mustHitSection":true,"changeBPM":false,"bpm":165},{"lengthInSteps":16,"typeOfSection":0,"sectionNotes":[],"altAnim":false,"bpm":160,"changeBPM":false,"mustHitSection":true},{"sectionNotes":[],"typeOfSection":0,"lengthInSteps":16,"altAnim":false,"mustHitSection":true,"changeBPM":false,"bpm":160},{"lengthInSteps":16,"typeOfSection":0,"sectionNotes":[],"altAnim":false,"bpm":160,"changeBPM":false,"mustHitSection":true},{"lengthInSteps":16,"typeOfSection":0,"sectionNotes":[],"altAnim":false,"bpm":160,"changeBPM":false,"mustHitSection":true},{"sectionNotes":[],"typeOfSection":0,"lengthInSteps":16,"altAnim":false,"mustHitSection":true,"changeBPM":false,"bpm":160},{"lengthInSteps":16,"altAnim":false,"typeOfSection":0,"sectionNotes":[],"bpm":160,"changeBPM":false,"mustHitSection":true}],"player2":"spooky","song":"South","validScore":true,"sections":0,"needsVoices":true,"bpm":160,"speed":1.7}}