﻿<?xml version="1.0" encoding="utf-8"?>
<TextureAtlas imagePath="bfCar.png">
	<!-- Created with Adobe Animate version 21.0.1.37179 -->
	<!-- http://www.adobe.com/products/animate.html -->
	<SubTexture name="BF NOTE DOWN0000" x="0" y="0" width="374" height="357" frameX="-1" frameY="-6" frameWidth="375" frameHeight="363"/>
	<SubTexture name="BF NOTE DOWN0001" x="374" y="0" width="374" height="357" frameX="-1" frameY="-6" frameWidth="375" frameHeight="363"/>
	<SubTexture name="BF NOTE DOWN0002" x="748" y="0" width="373" height="362" frameX="0" frameY="-1" frameWidth="375" frameHeight="363"/>
	<SubTexture name="BF NOTE DOWN0003" x="1121" y="0" width="373" height="362" frameX="0" frameY="-1" frameWidth="375" frameHeight="363"/>
	<SubTexture name="BF NOTE DOWN0004" x="1494" y="0" width="372" height="363" frameX="0" frameY="0" frameWidth="375" frameHeight="363"/>
	<SubTexture name="BF NOTE DOWN0005" x="1866" y="0" width="374" height="363" frameX="0" frameY="0" frameWidth="375" frameHeight="363"/>
	<SubTexture name="BF NOTE DOWN0006" x="2240" y="0" width="372" height="363" frameX="0" frameY="0" frameWidth="375" frameHeight="363"/>
	<SubTexture name="BF NOTE DOWN0007" x="2612" y="0" width="372" height="363" frameX="0" frameY="0" frameWidth="375" frameHeight="363"/>
	<SubTexture name="BF NOTE DOWN0008" x="2984" y="0" width="372" height="363" frameX="0" frameY="0" frameWidth="375" frameHeight="363"/>
	<SubTexture name="BF NOTE DOWN0009" x="3356" y="0" width="374" height="363" frameX="0" frameY="0" frameWidth="375" frameHeight="363"/>
	<SubTexture name="BF NOTE DOWN0010" x="2240" y="0" width="372" height="363" frameX="0" frameY="0" frameWidth="375" frameHeight="363"/>
	<SubTexture name="BF NOTE DOWN0011" x="2612" y="0" width="372" height="363" frameX="0" frameY="0" frameWidth="375" frameHeight="363"/>
	<SubTexture name="BF NOTE DOWN0012" x="2984" y="0" width="372" height="363" frameX="0" frameY="0" frameWidth="375" frameHeight="363"/>
	<SubTexture name="BF NOTE DOWN0013" x="3356" y="0" width="374" height="363" frameX="0" frameY="0" frameWidth="375" frameHeight="363"/>
	<SubTexture name="BF NOTE DOWN0014" x="2240" y="0" width="372" height="363" frameX="0" frameY="0" frameWidth="375" frameHeight="363"/>
	<SubTexture name="BF NOTE DOWN0015" x="2612" y="0" width="372" height="363" frameX="0" frameY="0" frameWidth="375" frameHeight="363"/>
	<SubTexture name="BF NOTE DOWN0016" x="2984" y="0" width="372" height="363" frameX="0" frameY="0" frameWidth="375" frameHeight="363"/>
	<SubTexture name="BF NOTE DOWN0017" x="3356" y="0" width="374" height="363" frameX="0" frameY="0" frameWidth="375" frameHeight="363"/>
	<SubTexture name="BF NOTE DOWN0018" x="2240" y="0" width="372" height="363" frameX="0" frameY="0" frameWidth="375" frameHeight="363"/>
	<SubTexture name="BF NOTE DOWN0019" x="2612" y="0" width="372" height="363" frameX="0" frameY="0" frameWidth="375" frameHeight="363"/>
	<SubTexture name="BF NOTE DOWN0020" x="2984" y="0" width="372" height="363" frameX="0" frameY="0" frameWidth="375" frameHeight="363"/>
	<SubTexture name="BF NOTE DOWN0021" x="3356" y="0" width="374" height="363" frameX="0" frameY="0" frameWidth="375" frameHeight="363"/>
	<SubTexture name="BF NOTE DOWN0022" x="2240" y="0" width="372" height="363" frameX="0" frameY="0" frameWidth="375" frameHeight="363"/>
	<SubTexture name="BF NOTE DOWN0023" x="2612" y="0" width="372" height="363" frameX="0" frameY="0" frameWidth="375" frameHeight="363"/>
	<SubTexture name="BF NOTE DOWN0024" x="2984" y="0" width="372" height="363" frameX="0" frameY="0" frameWidth="375" frameHeight="363"/>
	<SubTexture name="BF NOTE DOWN0025" x="3356" y="0" width="374" height="363" frameX="0" frameY="0" frameWidth="375" frameHeight="363"/>
	<SubTexture name="BF NOTE DOWN0026" x="2240" y="0" width="372" height="363" frameX="0" frameY="0" frameWidth="375" frameHeight="363"/>
	<SubTexture name="BF NOTE DOWN0027" x="2612" y="0" width="372" height="363" frameX="0" frameY="0" frameWidth="375" frameHeight="363"/>
	<SubTexture name="BF NOTE DOWN0028" x="2984" y="0" width="372" height="363" frameX="0" frameY="0" frameWidth="375" frameHeight="363"/>
	<SubTexture name="BF NOTE DOWN0029" x="3356" y="0" width="374" height="363" frameX="0" frameY="0" frameWidth="375" frameHeight="363"/>
	<SubTexture name="BF NOTE DOWN MISS0000" x="0" y="0" width="374" height="357" frameX="-1" frameY="-35" frameWidth="375" frameHeight="363"/>
	<SubTexture name="BF NOTE DOWN MISS0001" x="0" y="363" width="376" height="392" frameX="-1" frameY="0" frameWidth="378" frameHeight="392"/>
	<SubTexture name="BF NOTE DOWN MISS0002" x="0" y="363" width="376" height="392" frameX="-1" frameY="0" frameWidth="378" frameHeight="392"/>
	<SubTexture name="BF NOTE DOWN MISS0003" x="376" y="363" width="378" height="388" frameX="0" frameY="-4" frameWidth="378" frameHeight="392"/>
	<SubTexture name="BF NOTE DOWN MISS0004" x="376" y="363" width="378" height="388" frameX="0" frameY="-4" frameWidth="378" frameHeight="392"/>
	<SubTexture name="BF NOTE DOWN MISS0005" x="376" y="363" width="378" height="388" frameX="0" frameY="-4" frameWidth="378" frameHeight="392"/>
	<SubTexture name="BF NOTE DOWN MISS0006" x="376" y="363" width="378" height="388" frameX="0" frameY="-4" frameWidth="378" frameHeight="392"/>
	<SubTexture name="BF NOTE DOWN MISS0007" x="376" y="363" width="378" height="388" frameX="0" frameY="-4" frameWidth="378" frameHeight="392"/>
	<SubTexture name="BF NOTE DOWN MISS0008" x="376" y="363" width="378" height="388" frameX="0" frameY="-4" frameWidth="378" frameHeight="392"/>
	<SubTexture name="BF NOTE DOWN MISS0009" x="376" y="363" width="378" height="388" frameX="0" frameY="-4" frameWidth="378" frameHeight="392"/>
	<SubTexture name="BF NOTE DOWN MISS0010" x="376" y="363" width="378" height="388" frameX="0" frameY="-4" frameWidth="378" frameHeight="392"/>
	<SubTexture name="BF NOTE DOWN MISS0011" x="376" y="363" width="378" height="388" frameX="0" frameY="-4" frameWidth="378" frameHeight="392"/>
	<SubTexture name="BF NOTE DOWN MISS0012" x="376" y="363" width="378" height="388" frameX="0" frameY="-4" frameWidth="378" frameHeight="392"/>
	<SubTexture name="BF NOTE DOWN MISS0013" x="376" y="363" width="378" height="388" frameX="0" frameY="-4" frameWidth="378" frameHeight="392"/>
	<SubTexture name="BF NOTE DOWN MISS0014" x="376" y="363" width="378" height="388" frameX="0" frameY="-4" frameWidth="378" frameHeight="392"/>
	<SubTexture name="BF NOTE DOWN MISS0015" x="376" y="363" width="378" height="388" frameX="0" frameY="-4" frameWidth="378" frameHeight="392"/>
	<SubTexture name="BF NOTE DOWN MISS0016" x="376" y="363" width="378" height="388" frameX="0" frameY="-4" frameWidth="378" frameHeight="392"/>
	<SubTexture name="BF NOTE DOWN MISS0017" x="376" y="363" width="378" height="388" frameX="0" frameY="-4" frameWidth="378" frameHeight="392"/>
	<SubTexture name="BF NOTE DOWN MISS0018" x="376" y="363" width="378" height="388" frameX="0" frameY="-4" frameWidth="378" frameHeight="392"/>
	<SubTexture name="BF NOTE DOWN MISS0019" x="376" y="363" width="378" height="388" frameX="0" frameY="-4" frameWidth="378" frameHeight="392"/>
	<SubTexture name="BF NOTE DOWN MISS0020" x="376" y="363" width="378" height="388" frameX="0" frameY="-4" frameWidth="378" frameHeight="392"/>
	<SubTexture name="BF NOTE DOWN MISS0021" x="376" y="363" width="378" height="388" frameX="0" frameY="-4" frameWidth="378" frameHeight="392"/>
	<SubTexture name="BF NOTE DOWN MISS0022" x="376" y="363" width="378" height="388" frameX="0" frameY="-4" frameWidth="378" frameHeight="392"/>
	<SubTexture name="BF NOTE DOWN MISS0023" x="376" y="363" width="378" height="388" frameX="0" frameY="-4" frameWidth="378" frameHeight="392"/>
	<SubTexture name="BF NOTE DOWN MISS0024" x="376" y="363" width="378" height="388" frameX="0" frameY="-4" frameWidth="378" frameHeight="392"/>
	<SubTexture name="BF NOTE DOWN MISS0025" x="376" y="363" width="378" height="388" frameX="0" frameY="-4" frameWidth="378" frameHeight="392"/>
	<SubTexture name="BF NOTE DOWN MISS0026" x="376" y="363" width="378" height="388" frameX="0" frameY="-4" frameWidth="378" frameHeight="392"/>
	<SubTexture name="BF NOTE DOWN MISS0027" x="376" y="363" width="378" height="388" frameX="0" frameY="-4" frameWidth="378" frameHeight="392"/>
	<SubTexture name="BF NOTE DOWN MISS0028" x="376" y="363" width="378" height="388" frameX="0" frameY="-4" frameWidth="378" frameHeight="392"/>
	<SubTexture name="BF NOTE LEFT0000" x="754" y="363" width="383" height="406" frameX="0" frameY="0" frameWidth="387" frameHeight="406"/>
	<SubTexture name="BF NOTE LEFT0001" x="1137" y="363" width="383" height="406" frameX="0" frameY="0" frameWidth="387" frameHeight="406"/>
	<SubTexture name="BF NOTE LEFT0002" x="1520" y="363" width="374" height="404" frameX="-11" frameY="-2" frameWidth="387" frameHeight="406"/>
	<SubTexture name="BF NOTE LEFT0003" x="1894" y="363" width="374" height="404" frameX="-11" frameY="-2" frameWidth="387" frameHeight="406"/>
	<SubTexture name="BF NOTE LEFT0004" x="2268" y="363" width="377" height="403" frameX="-10" frameY="-3" frameWidth="387" frameHeight="406"/>
	<SubTexture name="BF NOTE LEFT0005" x="2645" y="363" width="377" height="403" frameX="-10" frameY="-3" frameWidth="387" frameHeight="406"/>
	<SubTexture name="BF NOTE LEFT0006" x="3022" y="363" width="377" height="403" frameX="-10" frameY="-3" frameWidth="387" frameHeight="406"/>
	<SubTexture name="BF NOTE LEFT0007" x="3399" y="363" width="377" height="403" frameX="-10" frameY="-3" frameWidth="387" frameHeight="406"/>
	<SubTexture name="BF NOTE LEFT0008" x="0" y="769" width="377" height="403" frameX="-10" frameY="-3" frameWidth="387" frameHeight="406"/>
	<SubTexture name="BF NOTE LEFT0009" x="377" y="769" width="377" height="403" frameX="-10" frameY="-3" frameWidth="387" frameHeight="406"/>
	<SubTexture name="BF NOTE LEFT0010" x="3022" y="363" width="377" height="403" frameX="-10" frameY="-3" frameWidth="387" frameHeight="406"/>
	<SubTexture name="BF NOTE LEFT0011" x="3399" y="363" width="377" height="403" frameX="-10" frameY="-3" frameWidth="387" frameHeight="406"/>
	<SubTexture name="BF NOTE LEFT0012" x="0" y="769" width="377" height="403" frameX="-10" frameY="-3" frameWidth="387" frameHeight="406"/>
	<SubTexture name="BF NOTE LEFT0013" x="377" y="769" width="377" height="403" frameX="-10" frameY="-3" frameWidth="387" frameHeight="406"/>
	<SubTexture name="BF NOTE LEFT0014" x="3022" y="363" width="377" height="403" frameX="-10" frameY="-3" frameWidth="387" frameHeight="406"/>
	<SubTexture name="BF NOTE LEFT0015" x="3399" y="363" width="377" height="403" frameX="-10" frameY="-3" frameWidth="387" frameHeight="406"/>
	<SubTexture name="BF NOTE LEFT MISS0000" x="754" y="769" width="383" height="406" frameX="0" frameY="-26" frameWidth="384" frameHeight="432"/>
	<SubTexture name="BF NOTE LEFT MISS0001" x="1137" y="769" width="370" height="430" frameX="-14" frameY="0" frameWidth="384" frameHeight="432"/>
	<SubTexture name="BF NOTE LEFT MISS0002" x="1137" y="769" width="370" height="430" frameX="-14" frameY="0" frameWidth="384" frameHeight="432"/>
	<SubTexture name="BF NOTE LEFT MISS0003" x="1507" y="769" width="371" height="430" frameX="-12" frameY="0" frameWidth="384" frameHeight="432"/>
	<SubTexture name="BF NOTE LEFT MISS0004" x="1507" y="769" width="371" height="430" frameX="-12" frameY="0" frameWidth="384" frameHeight="432"/>
	<SubTexture name="BF NOTE LEFT MISS0005" x="1507" y="769" width="371" height="430" frameX="-12" frameY="0" frameWidth="384" frameHeight="432"/>
	<SubTexture name="BF NOTE LEFT MISS0006" x="1507" y="769" width="371" height="430" frameX="-12" frameY="0" frameWidth="384" frameHeight="432"/>
	<SubTexture name="BF NOTE LEFT MISS0007" x="1507" y="769" width="371" height="430" frameX="-12" frameY="0" frameWidth="384" frameHeight="432"/>
	<SubTexture name="BF NOTE LEFT MISS0008" x="1507" y="769" width="371" height="430" frameX="-12" frameY="0" frameWidth="384" frameHeight="432"/>
	<SubTexture name="BF NOTE LEFT MISS0009" x="1507" y="769" width="371" height="430" frameX="-12" frameY="0" frameWidth="384" frameHeight="432"/>
	<SubTexture name="BF NOTE LEFT MISS0010" x="1507" y="769" width="371" height="430" frameX="-12" frameY="0" frameWidth="384" frameHeight="432"/>
	<SubTexture name="BF NOTE LEFT MISS0011" x="1507" y="769" width="371" height="430" frameX="-12" frameY="0" frameWidth="384" frameHeight="432"/>
	<SubTexture name="BF NOTE LEFT MISS0012" x="1507" y="769" width="371" height="430" frameX="-12" frameY="0" frameWidth="384" frameHeight="432"/>
	<SubTexture name="BF NOTE LEFT MISS0013" x="1507" y="769" width="371" height="430" frameX="-12" frameY="0" frameWidth="384" frameHeight="432"/>
	<SubTexture name="BF NOTE LEFT MISS0014" x="1507" y="769" width="371" height="430" frameX="-12" frameY="0" frameWidth="384" frameHeight="432"/>
	<SubTexture name="BF NOTE LEFT MISS0015" x="1507" y="769" width="371" height="430" frameX="-12" frameY="0" frameWidth="384" frameHeight="432"/>
	<SubTexture name="BF NOTE LEFT MISS0016" x="1507" y="769" width="371" height="430" frameX="-12" frameY="0" frameWidth="384" frameHeight="432"/>
	<SubTexture name="BF NOTE LEFT MISS0017" x="1507" y="769" width="371" height="430" frameX="-12" frameY="0" frameWidth="384" frameHeight="432"/>
	<SubTexture name="BF NOTE LEFT MISS0018" x="1507" y="769" width="371" height="430" frameX="-12" frameY="0" frameWidth="384" frameHeight="432"/>
	<SubTexture name="BF NOTE LEFT MISS0019" x="1507" y="769" width="371" height="430" frameX="-12" frameY="0" frameWidth="384" frameHeight="432"/>
	<SubTexture name="BF NOTE LEFT MISS0020" x="1507" y="769" width="371" height="430" frameX="-12" frameY="0" frameWidth="384" frameHeight="432"/>
	<SubTexture name="BF NOTE LEFT MISS0021" x="1507" y="769" width="371" height="430" frameX="-12" frameY="0" frameWidth="384" frameHeight="432"/>
	<SubTexture name="BF NOTE LEFT MISS0022" x="1507" y="769" width="371" height="430" frameX="-12" frameY="0" frameWidth="384" frameHeight="432"/>
	<SubTexture name="BF NOTE LEFT MISS0023" x="1507" y="769" width="371" height="430" frameX="-12" frameY="0" frameWidth="384" frameHeight="432"/>
	<SubTexture name="BF NOTE LEFT MISS0024" x="1507" y="769" width="371" height="430" frameX="-12" frameY="0" frameWidth="384" frameHeight="432"/>
	<SubTexture name="BF NOTE LEFT MISS0025" x="1507" y="769" width="371" height="430" frameX="-12" frameY="0" frameWidth="384" frameHeight="432"/>
	<SubTexture name="BF NOTE LEFT MISS0026" x="1507" y="769" width="371" height="430" frameX="-12" frameY="0" frameWidth="384" frameHeight="432"/>
	<SubTexture name="BF NOTE LEFT MISS0027" x="1507" y="769" width="371" height="430" frameX="-12" frameY="0" frameWidth="384" frameHeight="432"/>
	<SubTexture name="BF NOTE LEFT MISS0028" x="1507" y="769" width="371" height="430" frameX="-12" frameY="0" frameWidth="384" frameHeight="432"/>
	<SubTexture name="BF NOTE LEFT MISS0029" x="1507" y="769" width="371" height="430" frameX="-12" frameY="0" frameWidth="384" frameHeight="432"/>
	<SubTexture name="BF NOTE LEFT MISS0030" x="1507" y="769" width="371" height="430" frameX="-12" frameY="0" frameWidth="384" frameHeight="432"/>
	<SubTexture name="BF NOTE LEFT MISS0031" x="1507" y="769" width="371" height="430" frameX="-12" frameY="0" frameWidth="384" frameHeight="432"/>
	<SubTexture name="BF NOTE LEFT MISS0032" x="1507" y="769" width="371" height="430" frameX="-12" frameY="0" frameWidth="384" frameHeight="432"/>
	<SubTexture name="BF NOTE LEFT MISS0033" x="1507" y="769" width="371" height="430" frameX="-12" frameY="0" frameWidth="384" frameHeight="432"/>
	<SubTexture name="BF NOTE RIGHT0000" x="1878" y="769" width="408" height="405" frameX="-1" frameY="-3" frameWidth="409" frameHeight="408"/>
	<SubTexture name="BF NOTE RIGHT0001" x="2286" y="769" width="408" height="405" frameX="-1" frameY="-3" frameWidth="409" frameHeight="408"/>
	<SubTexture name="BF NOTE RIGHT0002" x="2694" y="769" width="408" height="407" frameX="0" frameY="-1" frameWidth="409" frameHeight="408"/>
	<SubTexture name="BF NOTE RIGHT0003" x="3102" y="769" width="408" height="407" frameX="0" frameY="-1" frameWidth="409" frameHeight="408"/>
	<SubTexture name="BF NOTE RIGHT0004" x="3510" y="769" width="407" height="408" frameX="0" frameY="0" frameWidth="409" frameHeight="408"/>
	<SubTexture name="BF NOTE RIGHT0005" x="0" y="1199" width="407" height="408" frameX="0" frameY="0" frameWidth="409" frameHeight="408"/>
	<SubTexture name="BF NOTE RIGHT0006" x="407" y="1199" width="407" height="408" frameX="0" frameY="0" frameWidth="409" frameHeight="408"/>
	<SubTexture name="BF NOTE RIGHT0007" x="814" y="1199" width="407" height="408" frameX="0" frameY="0" frameWidth="409" frameHeight="408"/>
	<SubTexture name="BF NOTE RIGHT0008" x="1221" y="1199" width="407" height="408" frameX="0" frameY="0" frameWidth="409" frameHeight="408"/>
	<SubTexture name="BF NOTE RIGHT0009" x="1628" y="1199" width="407" height="408" frameX="0" frameY="0" frameWidth="409" frameHeight="408"/>
	<SubTexture name="BF NOTE RIGHT0010" x="407" y="1199" width="407" height="408" frameX="0" frameY="0" frameWidth="409" frameHeight="408"/>
	<SubTexture name="BF NOTE RIGHT0011" x="814" y="1199" width="407" height="408" frameX="0" frameY="0" frameWidth="409" frameHeight="408"/>
	<SubTexture name="BF NOTE RIGHT0012" x="1221" y="1199" width="407" height="408" frameX="0" frameY="0" frameWidth="409" frameHeight="408"/>
	<SubTexture name="BF NOTE RIGHT0013" x="1628" y="1199" width="407" height="408" frameX="0" frameY="0" frameWidth="409" frameHeight="408"/>
	<SubTexture name="BF NOTE RIGHT0014" x="407" y="1199" width="407" height="408" frameX="0" frameY="0" frameWidth="409" frameHeight="408"/>
	<SubTexture name="BF NOTE RIGHT0015" x="814" y="1199" width="407" height="408" frameX="0" frameY="0" frameWidth="409" frameHeight="408"/>
	<SubTexture name="BF NOTE RIGHT0016" x="1221" y="1199" width="407" height="408" frameX="0" frameY="0" frameWidth="409" frameHeight="408"/>
	<SubTexture name="BF NOTE RIGHT0017" x="1628" y="1199" width="407" height="408" frameX="0" frameY="0" frameWidth="409" frameHeight="408"/>
	<SubTexture name="BF NOTE RIGHT0018" x="407" y="1199" width="407" height="408" frameX="0" frameY="0" frameWidth="409" frameHeight="408"/>
	<SubTexture name="BF NOTE RIGHT0019" x="814" y="1199" width="407" height="408" frameX="0" frameY="0" frameWidth="409" frameHeight="408"/>
	<SubTexture name="BF NOTE RIGHT0020" x="1221" y="1199" width="407" height="408" frameX="0" frameY="0" frameWidth="409" frameHeight="408"/>
	<SubTexture name="BF NOTE RIGHT0021" x="1628" y="1199" width="407" height="408" frameX="0" frameY="0" frameWidth="409" frameHeight="408"/>
	<SubTexture name="BF NOTE RIGHT0022" x="407" y="1199" width="407" height="408" frameX="0" frameY="0" frameWidth="409" frameHeight="408"/>
	<SubTexture name="BF NOTE RIGHT0023" x="814" y="1199" width="407" height="408" frameX="0" frameY="0" frameWidth="409" frameHeight="408"/>
	<SubTexture name="BF NOTE RIGHT0024" x="1221" y="1199" width="407" height="408" frameX="0" frameY="0" frameWidth="409" frameHeight="408"/>
	<SubTexture name="BF NOTE RIGHT0025" x="1628" y="1199" width="407" height="408" frameX="0" frameY="0" frameWidth="409" frameHeight="408"/>
	<SubTexture name="BF NOTE RIGHT0026" x="407" y="1199" width="407" height="408" frameX="0" frameY="0" frameWidth="409" frameHeight="408"/>
	<SubTexture name="BF NOTE RIGHT0027" x="814" y="1199" width="407" height="408" frameX="0" frameY="0" frameWidth="409" frameHeight="408"/>
	<SubTexture name="BF NOTE RIGHT0028" x="1221" y="1199" width="407" height="408" frameX="0" frameY="0" frameWidth="409" frameHeight="408"/>
	<SubTexture name="BF NOTE RIGHT0029" x="1628" y="1199" width="407" height="408" frameX="0" frameY="0" frameWidth="409" frameHeight="408"/>
	<SubTexture name="BF NOTE RIGHT0030" x="407" y="1199" width="407" height="408" frameX="0" frameY="0" frameWidth="409" frameHeight="408"/>
	<SubTexture name="BF NOTE RIGHT0031" x="814" y="1199" width="407" height="408" frameX="0" frameY="0" frameWidth="409" frameHeight="408"/>
	<SubTexture name="BF NOTE RIGHT0032" x="1221" y="1199" width="407" height="408" frameX="0" frameY="0" frameWidth="409" frameHeight="408"/>
	<SubTexture name="BF NOTE RIGHT0033" x="1628" y="1199" width="407" height="408" frameX="0" frameY="0" frameWidth="409" frameHeight="408"/>
	<SubTexture name="BF NOTE RIGHT0034" x="407" y="1199" width="407" height="408" frameX="0" frameY="0" frameWidth="409" frameHeight="408"/>
	<SubTexture name="BF NOTE RIGHT0035" x="814" y="1199" width="407" height="408" frameX="0" frameY="0" frameWidth="409" frameHeight="408"/>
	<SubTexture name="BF NOTE RIGHT0036" x="1221" y="1199" width="407" height="408" frameX="0" frameY="0" frameWidth="409" frameHeight="408"/>
	<SubTexture name="BF NOTE RIGHT0037" x="1628" y="1199" width="407" height="408" frameX="0" frameY="0" frameWidth="409" frameHeight="408"/>
	<SubTexture name="BF NOTE RIGHT0038" x="407" y="1199" width="407" height="408" frameX="0" frameY="0" frameWidth="409" frameHeight="408"/>
	<SubTexture name="BF NOTE RIGHT0039" x="814" y="1199" width="407" height="408" frameX="0" frameY="0" frameWidth="409" frameHeight="408"/>
	<SubTexture name="BF NOTE RIGHT0040" x="1221" y="1199" width="407" height="408" frameX="0" frameY="0" frameWidth="409" frameHeight="408"/>
	<SubTexture name="BF NOTE RIGHT0041" x="1628" y="1199" width="407" height="408" frameX="0" frameY="0" frameWidth="409" frameHeight="408"/>
	<SubTexture name="BF NOTE RIGHT0042" x="407" y="1199" width="407" height="408" frameX="0" frameY="0" frameWidth="409" frameHeight="408"/>
	<SubTexture name="BF NOTE RIGHT0043" x="814" y="1199" width="407" height="408" frameX="0" frameY="0" frameWidth="409" frameHeight="408"/>
	<SubTexture name="BF NOTE RIGHT0044" x="1221" y="1199" width="407" height="408" frameX="0" frameY="0" frameWidth="409" frameHeight="408"/>
	<SubTexture name="BF NOTE RIGHT0045" x="1628" y="1199" width="407" height="408" frameX="0" frameY="0" frameWidth="409" frameHeight="408"/>
	<SubTexture name="BF NOTE RIGHT0046" x="407" y="1199" width="407" height="408" frameX="0" frameY="0" frameWidth="409" frameHeight="408"/>
	<SubTexture name="BF NOTE RIGHT0047" x="814" y="1199" width="407" height="408" frameX="0" frameY="0" frameWidth="409" frameHeight="408"/>
	<SubTexture name="BF NOTE RIGHT0048" x="1221" y="1199" width="407" height="408" frameX="0" frameY="0" frameWidth="409" frameHeight="408"/>
	<SubTexture name="BF NOTE RIGHT0049" x="1628" y="1199" width="407" height="408" frameX="0" frameY="0" frameWidth="409" frameHeight="408"/>
	<SubTexture name="BF NOTE RIGHT0050" x="407" y="1199" width="407" height="408" frameX="0" frameY="0" frameWidth="409" frameHeight="408"/>
	<SubTexture name="BF NOTE RIGHT0051" x="814" y="1199" width="407" height="408" frameX="0" frameY="0" frameWidth="409" frameHeight="408"/>
	<SubTexture name="BF NOTE RIGHT0052" x="1221" y="1199" width="407" height="408" frameX="0" frameY="0" frameWidth="409" frameHeight="408"/>
	<SubTexture name="BF NOTE RIGHT0053" x="1628" y="1199" width="407" height="408" frameX="0" frameY="0" frameWidth="409" frameHeight="408"/>
	<SubTexture name="BF NOTE RIGHT0054" x="407" y="1199" width="407" height="408" frameX="0" frameY="0" frameWidth="409" frameHeight="408"/>
	<SubTexture name="BF NOTE RIGHT0055" x="814" y="1199" width="407" height="408" frameX="0" frameY="0" frameWidth="409" frameHeight="408"/>
	<SubTexture name="BF NOTE RIGHT0056" x="1221" y="1199" width="407" height="408" frameX="0" frameY="0" frameWidth="409" frameHeight="408"/>
	<SubTexture name="BF NOTE RIGHT0057" x="1628" y="1199" width="407" height="408" frameX="0" frameY="0" frameWidth="409" frameHeight="408"/>
	<SubTexture name="BF NOTE RIGHT0058" x="407" y="1199" width="407" height="408" frameX="0" frameY="0" frameWidth="409" frameHeight="408"/>
	<SubTexture name="BF NOTE RIGHT0059" x="814" y="1199" width="407" height="408" frameX="0" frameY="0" frameWidth="409" frameHeight="408"/>
	<SubTexture name="BF NOTE RIGHT0060" x="1221" y="1199" width="407" height="408" frameX="0" frameY="0" frameWidth="409" frameHeight="408"/>
	<SubTexture name="BF NOTE RIGHT0061" x="1628" y="1199" width="407" height="408" frameX="0" frameY="0" frameWidth="409" frameHeight="408"/>
	<SubTexture name="BF NOTE RIGHT MISS0000" x="1878" y="769" width="408" height="405" frameX="-8" frameY="-30" frameWidth="409" frameHeight="408"/>
	<SubTexture name="BF NOTE RIGHT MISS0001" x="2035" y="1199" width="396" height="432" frameX="0" frameY="0" frameWidth="416" frameHeight="435"/>
	<SubTexture name="BF NOTE RIGHT MISS0002" x="2035" y="1199" width="396" height="432" frameX="0" frameY="0" frameWidth="416" frameHeight="435"/>
	<SubTexture name="BF NOTE RIGHT MISS0003" x="2431" y="1199" width="401" height="432" frameX="-1" frameY="0" frameWidth="416" frameHeight="435"/>
	<SubTexture name="BF NOTE RIGHT MISS0004" x="2431" y="1199" width="401" height="432" frameX="-1" frameY="0" frameWidth="416" frameHeight="435"/>
	<SubTexture name="BF NOTE RIGHT MISS0005" x="2431" y="1199" width="401" height="432" frameX="-1" frameY="0" frameWidth="416" frameHeight="435"/>
	<SubTexture name="BF NOTE RIGHT MISS0006" x="2431" y="1199" width="401" height="432" frameX="-1" frameY="0" frameWidth="416" frameHeight="435"/>
	<SubTexture name="BF NOTE RIGHT MISS0007" x="2431" y="1199" width="401" height="432" frameX="-1" frameY="0" frameWidth="416" frameHeight="435"/>
	<SubTexture name="BF NOTE RIGHT MISS0008" x="2431" y="1199" width="401" height="432" frameX="-1" frameY="0" frameWidth="416" frameHeight="435"/>
	<SubTexture name="BF NOTE RIGHT MISS0009" x="2431" y="1199" width="401" height="432" frameX="-1" frameY="0" frameWidth="416" frameHeight="435"/>
	<SubTexture name="BF NOTE RIGHT MISS0010" x="2431" y="1199" width="401" height="432" frameX="-1" frameY="0" frameWidth="416" frameHeight="435"/>
	<SubTexture name="BF NOTE RIGHT MISS0011" x="2431" y="1199" width="401" height="432" frameX="-1" frameY="0" frameWidth="416" frameHeight="435"/>
	<SubTexture name="BF NOTE RIGHT MISS0012" x="2431" y="1199" width="401" height="432" frameX="-1" frameY="0" frameWidth="416" frameHeight="435"/>
	<SubTexture name="BF NOTE RIGHT MISS0013" x="2431" y="1199" width="401" height="432" frameX="-1" frameY="0" frameWidth="416" frameHeight="435"/>
	<SubTexture name="BF NOTE RIGHT MISS0014" x="2431" y="1199" width="401" height="432" frameX="-1" frameY="0" frameWidth="416" frameHeight="435"/>
	<SubTexture name="BF NOTE RIGHT MISS0015" x="2431" y="1199" width="401" height="432" frameX="-1" frameY="0" frameWidth="416" frameHeight="435"/>
	<SubTexture name="BF NOTE RIGHT MISS0016" x="2431" y="1199" width="401" height="432" frameX="-1" frameY="0" frameWidth="416" frameHeight="435"/>
	<SubTexture name="BF NOTE RIGHT MISS0017" x="2431" y="1199" width="401" height="432" frameX="-1" frameY="0" frameWidth="416" frameHeight="435"/>
	<SubTexture name="BF NOTE RIGHT MISS0018" x="2431" y="1199" width="401" height="432" frameX="-1" frameY="0" frameWidth="416" frameHeight="435"/>
	<SubTexture name="BF NOTE RIGHT MISS0019" x="2431" y="1199" width="401" height="432" frameX="-1" frameY="0" frameWidth="416" frameHeight="435"/>
	<SubTexture name="BF NOTE RIGHT MISS0020" x="2431" y="1199" width="401" height="432" frameX="-1" frameY="0" frameWidth="416" frameHeight="435"/>
	<SubTexture name="BF NOTE RIGHT MISS0021" x="2431" y="1199" width="401" height="432" frameX="-1" frameY="0" frameWidth="416" frameHeight="435"/>
	<SubTexture name="BF NOTE RIGHT MISS0022" x="2431" y="1199" width="401" height="432" frameX="-1" frameY="0" frameWidth="416" frameHeight="435"/>
	<SubTexture name="BF NOTE RIGHT MISS0023" x="2431" y="1199" width="401" height="432" frameX="-1" frameY="0" frameWidth="416" frameHeight="435"/>
	<SubTexture name="BF NOTE RIGHT MISS0024" x="2431" y="1199" width="401" height="432" frameX="-1" frameY="0" frameWidth="416" frameHeight="435"/>
	<SubTexture name="BF NOTE RIGHT MISS0025" x="2431" y="1199" width="401" height="432" frameX="-1" frameY="0" frameWidth="416" frameHeight="435"/>
	<SubTexture name="BF NOTE RIGHT MISS0026" x="2431" y="1199" width="401" height="432" frameX="-1" frameY="0" frameWidth="416" frameHeight="435"/>
	<SubTexture name="BF NOTE RIGHT MISS0027" x="2431" y="1199" width="401" height="432" frameX="-1" frameY="0" frameWidth="416" frameHeight="435"/>
	<SubTexture name="BF NOTE RIGHT MISS0028" x="2431" y="1199" width="401" height="432" frameX="-1" frameY="0" frameWidth="416" frameHeight="435"/>
	<SubTexture name="BF NOTE RIGHT MISS0029" x="2431" y="1199" width="401" height="432" frameX="-1" frameY="0" frameWidth="416" frameHeight="435"/>
	<SubTexture name="BF NOTE RIGHT MISS0030" x="2431" y="1199" width="401" height="432" frameX="-1" frameY="0" frameWidth="416" frameHeight="435"/>
	<SubTexture name="BF NOTE RIGHT MISS0031" x="2431" y="1199" width="401" height="432" frameX="-1" frameY="0" frameWidth="416" frameHeight="435"/>
	<SubTexture name="BF NOTE RIGHT MISS0032" x="2431" y="1199" width="401" height="432" frameX="-1" frameY="0" frameWidth="416" frameHeight="435"/>
	<SubTexture name="BF NOTE RIGHT MISS0033" x="2431" y="1199" width="401" height="432" frameX="-1" frameY="0" frameWidth="416" frameHeight="435"/>
	<SubTexture name="BF NOTE RIGHT MISS0034" x="2431" y="1199" width="401" height="432" frameX="-1" frameY="0" frameWidth="416" frameHeight="435"/>
	<SubTexture name="BF NOTE RIGHT MISS0035" x="2431" y="1199" width="401" height="432" frameX="-1" frameY="0" frameWidth="416" frameHeight="435"/>
	<SubTexture name="BF NOTE RIGHT MISS0036" x="2431" y="1199" width="401" height="432" frameX="-1" frameY="0" frameWidth="416" frameHeight="435"/>
	<SubTexture name="BF NOTE RIGHT MISS0037" x="2431" y="1199" width="401" height="432" frameX="-1" frameY="0" frameWidth="416" frameHeight="435"/>
	<SubTexture name="BF NOTE RIGHT MISS0038" x="2431" y="1199" width="401" height="432" frameX="-1" frameY="0" frameWidth="416" frameHeight="435"/>
	<SubTexture name="BF NOTE RIGHT MISS0039" x="2431" y="1199" width="401" height="432" frameX="-1" frameY="0" frameWidth="416" frameHeight="435"/>
	<SubTexture name="BF NOTE RIGHT MISS0040" x="2431" y="1199" width="401" height="432" frameX="-1" frameY="0" frameWidth="416" frameHeight="435"/>
	<SubTexture name="BF NOTE RIGHT MISS0041" x="2431" y="1199" width="401" height="432" frameX="-1" frameY="0" frameWidth="416" frameHeight="435"/>
	<SubTexture name="BF NOTE RIGHT MISS0042" x="2431" y="1199" width="401" height="432" frameX="-1" frameY="0" frameWidth="416" frameHeight="435"/>
	<SubTexture name="BF NOTE RIGHT MISS0043" x="2431" y="1199" width="401" height="432" frameX="-1" frameY="0" frameWidth="416" frameHeight="435"/>
	<SubTexture name="BF NOTE RIGHT MISS0044" x="2431" y="1199" width="401" height="432" frameX="-1" frameY="0" frameWidth="416" frameHeight="435"/>
	<SubTexture name="BF NOTE RIGHT MISS0045" x="2431" y="1199" width="401" height="432" frameX="-1" frameY="0" frameWidth="416" frameHeight="435"/>
	<SubTexture name="BF NOTE UP0000" x="2832" y="1199" width="369" height="446" frameX="-5" frameY="0" frameWidth="376" frameHeight="446"/>
	<SubTexture name="BF NOTE UP0001" x="3201" y="1199" width="369" height="446" frameX="-5" frameY="0" frameWidth="376" frameHeight="446"/>
	<SubTexture name="BF NOTE UP0002" x="3570" y="1199" width="376" height="441" frameX="0" frameY="-5" frameWidth="376" frameHeight="446"/>
	<SubTexture name="BF NOTE UP0003" x="0" y="1645" width="376" height="441" frameX="0" frameY="-5" frameWidth="376" frameHeight="446"/>
	<SubTexture name="BF NOTE UP0004" x="376" y="1645" width="373" height="441" frameX="-1" frameY="-5" frameWidth="376" frameHeight="446"/>
	<SubTexture name="BF NOTE UP0005" x="749" y="1645" width="373" height="441" frameX="-1" frameY="-5" frameWidth="376" frameHeight="446"/>
	<SubTexture name="BF NOTE UP0006" x="1122" y="1645" width="373" height="441" frameX="-1" frameY="-5" frameWidth="376" frameHeight="446"/>
	<SubTexture name="BF NOTE UP0007" x="1495" y="1645" width="373" height="441" frameX="-1" frameY="-5" frameWidth="376" frameHeight="446"/>
	<SubTexture name="BF NOTE UP0008" x="1868" y="1645" width="373" height="441" frameX="-1" frameY="-5" frameWidth="376" frameHeight="446"/>
	<SubTexture name="BF NOTE UP0009" x="2241" y="1645" width="373" height="441" frameX="-1" frameY="-5" frameWidth="376" frameHeight="446"/>
	<SubTexture name="BF NOTE UP0010" x="1122" y="1645" width="373" height="441" frameX="-1" frameY="-5" frameWidth="376" frameHeight="446"/>
	<SubTexture name="BF NOTE UP0011" x="1495" y="1645" width="373" height="441" frameX="-1" frameY="-5" frameWidth="376" frameHeight="446"/>
	<SubTexture name="BF NOTE UP0012" x="1868" y="1645" width="373" height="441" frameX="-1" frameY="-5" frameWidth="376" frameHeight="446"/>
	<SubTexture name="BF NOTE UP0013" x="2241" y="1645" width="373" height="441" frameX="-1" frameY="-5" frameWidth="376" frameHeight="446"/>
	<SubTexture name="BF NOTE UP0014" x="1122" y="1645" width="373" height="441" frameX="-1" frameY="-5" frameWidth="376" frameHeight="446"/>
	<SubTexture name="BF NOTE UP MISS0000" x="2832" y="1199" width="369" height="446" frameX="-9" frameY="0" frameWidth="376" frameHeight="446"/>
	<SubTexture name="BF NOTE UP MISS0001" x="2614" y="1645" width="360" height="427" frameX="0" frameY="-13" frameWidth="378" frameHeight="446"/>
	<SubTexture name="BF NOTE UP MISS0002" x="2614" y="1645" width="360" height="427" frameX="0" frameY="-13" frameWidth="378" frameHeight="446"/>
	<SubTexture name="BF NOTE UP MISS0003" x="2974" y="1645" width="357" height="430" frameX="-1" frameY="-10" frameWidth="378" frameHeight="446"/>
	<SubTexture name="BF NOTE UP MISS0004" x="2974" y="1645" width="357" height="430" frameX="-1" frameY="-10" frameWidth="378" frameHeight="446"/>
	<SubTexture name="BF NOTE UP MISS0005" x="2974" y="1645" width="357" height="430" frameX="-1" frameY="-10" frameWidth="378" frameHeight="446"/>
	<SubTexture name="BF NOTE UP MISS0006" x="2974" y="1645" width="357" height="430" frameX="-1" frameY="-10" frameWidth="378" frameHeight="446"/>
	<SubTexture name="BF NOTE UP MISS0007" x="2974" y="1645" width="357" height="430" frameX="-1" frameY="-10" frameWidth="378" frameHeight="446"/>
	<SubTexture name="BF NOTE UP MISS0008" x="2974" y="1645" width="357" height="430" frameX="-1" frameY="-10" frameWidth="378" frameHeight="446"/>
	<SubTexture name="BF NOTE UP MISS0009" x="2974" y="1645" width="357" height="430" frameX="-1" frameY="-10" frameWidth="378" frameHeight="446"/>
	<SubTexture name="BF NOTE UP MISS0010" x="2974" y="1645" width="357" height="430" frameX="-1" frameY="-10" frameWidth="378" frameHeight="446"/>
	<SubTexture name="BF NOTE UP MISS0011" x="2974" y="1645" width="357" height="430" frameX="-1" frameY="-10" frameWidth="378" frameHeight="446"/>
	<SubTexture name="BF NOTE UP MISS0012" x="2974" y="1645" width="357" height="430" frameX="-1" frameY="-10" frameWidth="378" frameHeight="446"/>
	<SubTexture name="BF NOTE UP MISS0013" x="2974" y="1645" width="357" height="430" frameX="-1" frameY="-10" frameWidth="378" frameHeight="446"/>
	<SubTexture name="BF NOTE UP MISS0014" x="2974" y="1645" width="357" height="430" frameX="-1" frameY="-10" frameWidth="378" frameHeight="446"/>
	<SubTexture name="BF NOTE UP MISS0015" x="2974" y="1645" width="357" height="430" frameX="-1" frameY="-10" frameWidth="378" frameHeight="446"/>
	<SubTexture name="BF NOTE UP MISS0016" x="2974" y="1645" width="357" height="430" frameX="-1" frameY="-10" frameWidth="378" frameHeight="446"/>
	<SubTexture name="BF NOTE UP MISS0017" x="2974" y="1645" width="357" height="430" frameX="-1" frameY="-10" frameWidth="378" frameHeight="446"/>
	<SubTexture name="BF NOTE UP MISS0018" x="2974" y="1645" width="357" height="430" frameX="-1" frameY="-10" frameWidth="378" frameHeight="446"/>
	<SubTexture name="BF NOTE UP MISS0019" x="2974" y="1645" width="357" height="430" frameX="-1" frameY="-10" frameWidth="378" frameHeight="446"/>
	<SubTexture name="BF NOTE UP MISS0020" x="2974" y="1645" width="357" height="430" frameX="-1" frameY="-10" frameWidth="378" frameHeight="446"/>
	<SubTexture name="BF NOTE UP MISS0021" x="2974" y="1645" width="357" height="430" frameX="-1" frameY="-10" frameWidth="378" frameHeight="446"/>
	<SubTexture name="BF NOTE UP MISS0022" x="2974" y="1645" width="357" height="430" frameX="-1" frameY="-10" frameWidth="378" frameHeight="446"/>
	<SubTexture name="BF NOTE UP MISS0023" x="2974" y="1645" width="357" height="430" frameX="-1" frameY="-10" frameWidth="378" frameHeight="446"/>
	<SubTexture name="BF idle dance0000" x="3331" y="1645" width="406" height="392" frameX="-1" frameY="-20" frameWidth="411" frameHeight="412"/>
	<SubTexture name="BF idle dance0001" x="0" y="2086" width="406" height="392" frameX="-1" frameY="-20" frameWidth="411" frameHeight="412"/>
	<SubTexture name="BF idle dance0002" x="406" y="2086" width="408" height="393" frameX="0" frameY="-19" frameWidth="411" frameHeight="412"/>
	<SubTexture name="BF idle dance0003" x="814" y="2086" width="408" height="393" frameX="0" frameY="-19" frameWidth="411" frameHeight="412"/>
	<SubTexture name="BF idle dance0004" x="1222" y="2086" width="405" height="398" frameX="-3" frameY="-14" frameWidth="411" frameHeight="412"/>
	<SubTexture name="BF idle dance0005" x="1627" y="2086" width="405" height="398" frameX="-3" frameY="-14" frameWidth="411" frameHeight="412"/>
	<SubTexture name="BF idle dance0006" x="2032" y="2086" width="410" height="411" frameX="-1" frameY="-1" frameWidth="411" frameHeight="412"/>
	<SubTexture name="BF idle dance0007" x="2442" y="2086" width="410" height="411" frameX="-1" frameY="-1" frameWidth="411" frameHeight="412"/>
	<SubTexture name="BF idle dance0008" x="2852" y="2086" width="408" height="412" frameX="-2" frameY="0" frameWidth="411" frameHeight="412"/>
	<SubTexture name="BF idle dance0009" x="3260" y="2086" width="408" height="412" frameX="-2" frameY="0" frameWidth="411" frameHeight="412"/>
	<SubTexture name="BF idle dance0010" x="3668" y="2086" width="408" height="412" frameX="-2" frameY="0" frameWidth="411" frameHeight="412"/>
	<SubTexture name="BF idle dance0011" x="0" y="2498" width="408" height="412" frameX="-2" frameY="0" frameWidth="411" frameHeight="412"/>
	<SubTexture name="BF idle dance0012" x="2852" y="2086" width="408" height="412" frameX="-2" frameY="0" frameWidth="411" frameHeight="412"/>
	<SubTexture name="BF idle dance0013" x="3260" y="2086" width="408" height="412" frameX="-2" frameY="0" frameWidth="411" frameHeight="412"/>
</TextureAtlas>
