﻿<?xml version="1.0" encoding="utf-8"?>
<TextureAtlas imagePath="GF_ass_sets.png">
	<!-- Created with Adobe Animate version 21.0.2.37893 -->
	<!-- http://www.adobe.com/products/animate.html -->
	<SubTexture name="GF Dancing Beat Hair blowing CAR0000" x="0" y="0" width="699" height="640" frameX="-2" frameY="-15" frameWidth="768" frameHeight="655"/>
	<SubTexture name="GF Dancing Beat Hair blowing CAR0001" x="699" y="0" width="703" height="640" frameX="0" frameY="-15" frameWidth="768" frameHeight="655"/>
	<SubTexture name="GF Dancing Beat Hair blowing CAR0002" x="1402" y="0" width="728" height="632" frameX="0" frameY="-23" frameWidth="768" frameHeight="655"/>
	<SubTexture name="GF Dancing Beat Hair blowing CAR0003" x="2130" y="0" width="699" height="631" frameX="-2" frameY="-24" frameWidth="768" frameHeight="655"/>
	<SubTexture name="GF Dancing Beat Hair blowing CAR0004" x="2829" y="0" width="699" height="635" frameX="-2" frameY="-20" frameWidth="768" frameHeight="655"/>
	<SubTexture name="GF Dancing Beat Hair blowing CAR0005" x="0" y="640" width="699" height="644" frameX="-2" frameY="-11" frameWidth="768" frameHeight="655"/>
	<SubTexture name="GF Dancing Beat Hair blowing CAR0006" x="699" y="640" width="727" height="642" frameX="-2" frameY="-13" frameWidth="768" frameHeight="655"/>
	<SubTexture name="GF Dancing Beat Hair blowing CAR0007" x="1426" y="640" width="702" height="653" frameX="-2" frameY="-2" frameWidth="768" frameHeight="655"/>
	<SubTexture name="GF Dancing Beat Hair blowing CAR0008" x="2128" y="640" width="749" height="645" frameX="-2" frameY="-10" frameWidth="768" frameHeight="655"/>
	<SubTexture name="GF Dancing Beat Hair blowing CAR0009" x="2877" y="640" width="699" height="644" frameX="-2" frameY="-11" frameWidth="768" frameHeight="655"/>
	<SubTexture name="GF Dancing Beat Hair blowing CAR0010" x="0" y="1293" width="699" height="646" frameX="-2" frameY="-9" frameWidth="768" frameHeight="655"/>
	<SubTexture name="GF Dancing Beat Hair blowing CAR0011" x="699" y="1293" width="712" height="655" frameX="-2" frameY="0" frameWidth="768" frameHeight="655"/>
	<SubTexture name="GF Dancing Beat Hair blowing CAR0012" x="699" y="1293" width="712" height="655" frameX="-2" frameY="0" frameWidth="768" frameHeight="655"/>
	<SubTexture name="GF Dancing Beat Hair blowing CAR0013" x="1411" y="1293" width="711" height="654" frameX="-2" frameY="-1" frameWidth="768" frameHeight="655"/>
	<SubTexture name="GF Dancing Beat Hair blowing CAR0014" x="2122" y="1293" width="755" height="646" frameX="-2" frameY="-9" frameWidth="768" frameHeight="655"/>
	<SubTexture name="GF Dancing Beat Hair blowing CAR0015" x="2877" y="1293" width="712" height="631" frameX="-2" frameY="-24" frameWidth="768" frameHeight="655"/>
	<SubTexture name="GF Dancing Beat Hair blowing CAR0016" x="0" y="1948" width="714" height="631" frameX="0" frameY="-24" frameWidth="768" frameHeight="655"/>
	<SubTexture name="GF Dancing Beat Hair blowing CAR0017" x="714" y="1948" width="722" height="637" frameX="0" frameY="-18" frameWidth="768" frameHeight="655"/>
	<SubTexture name="GF Dancing Beat Hair blowing CAR0018" x="1436" y="1948" width="720" height="637" frameX="-2" frameY="-18" frameWidth="768" frameHeight="655"/>
	<SubTexture name="GF Dancing Beat Hair blowing CAR0019" x="2156" y="1948" width="721" height="640" frameX="-2" frameY="-15" frameWidth="768" frameHeight="655"/>
	<SubTexture name="GF Dancing Beat Hair blowing CAR0020" x="2877" y="1948" width="766" height="632" frameX="-2" frameY="-23" frameWidth="768" frameHeight="655"/>
	<SubTexture name="GF Dancing Beat Hair blowing CAR0021" x="0" y="2588" width="707" height="636" frameX="-2" frameY="-19" frameWidth="768" frameHeight="655"/>
	<SubTexture name="GF Dancing Beat Hair blowing CAR0022" x="707" y="2588" width="699" height="643" frameX="-2" frameY="-12" frameWidth="768" frameHeight="655"/>
	<SubTexture name="GF Dancing Beat Hair blowing CAR0023" x="1406" y="2588" width="716" height="652" frameX="-2" frameY="-3" frameWidth="768" frameHeight="655"/>
	<SubTexture name="GF Dancing Beat Hair blowing CAR0024" x="1406" y="2588" width="716" height="652" frameX="-2" frameY="-3" frameWidth="768" frameHeight="655"/>
	<SubTexture name="GF Dancing Beat Hair blowing CAR0025" x="2122" y="2588" width="714" height="653" frameX="-2" frameY="-2" frameWidth="768" frameHeight="655"/>
	<SubTexture name="GF Dancing Beat Hair blowing CAR0026" x="2836" y="2588" width="756" height="645" frameX="-2" frameY="-10" frameWidth="768" frameHeight="655"/>
	<SubTexture name="GF Dancing Beat Hair blowing CAR0027" x="0" y="3241" width="699" height="644" frameX="-2" frameY="-11" frameWidth="768" frameHeight="655"/>
	<SubTexture name="GF Dancing Beat Hair blowing CAR0028" x="699" y="3241" width="700" height="643" frameX="-2" frameY="-12" frameWidth="768" frameHeight="655"/>
	<SubTexture name="GF Dancing Beat Hair blowing CAR0029" x="1399" y="3241" width="712" height="652" frameX="-2" frameY="-3" frameWidth="768" frameHeight="655"/>
</TextureAtlas>
