{"song":{"song":"Cocoa","notes":[{"lengthInSteps":16,"bpm":95,"changeBPM":false,"mustHitSection":false,"sectionNotes":[],"typeOfSection":0,"altAnim":false},{"lengthInSteps":16,"bpm":100,"changeBPM":false,"mustHitSection":false,"sectionNotes":[],"typeOfSection":0,"altAnim":false},{"lengthInSteps":16,"bpm":150,"changeBPM":false,"mustHitSection":false,"sectionNotes":[[4800,1,0],[5100,3,0],[6150,3,0],[6750,1,0],[5250,3,0],[6300,0,0],[5550,2,75],[5850,0,75],[6450,3,150],[7050,3,75]],"typeOfSection":0},{"lengthInSteps":16,"bpm":100,"changeBPM":false,"mustHitSection":false,"sectionNotes":[[7200,5,0],[7500,7,0],[8550,7,0],[9150,5,0],[7650,7,0],[8700,4,0],[7950,6,75],[8250,4,75],[8850,7,150],[9450,7,75],[9300,4,0]],"typeOfSection":0},{"lengthInSteps":16,"bpm":100,"changeBPM":false,"mustHitSection":false,"sectionNotes":[[9900,3,0],[10050,0,0],[9750,0,0],[10200,3,0],[10350,1,75],[10650,2,0],[10950,2,75],[11250,0,0],[11550,3,0],[11700,0,0],[11850,3,150]],"typeOfSection":0},{"lengthInSteps":16,"bpm":100,"changeBPM":false,"mustHitSection":true,"sectionNotes":[[12150,0,0],[13350,0,0],[13050,3,150],[14250,3,150],[12300,3,0],[12450,0,0],[12600,3,0],[13500,3,0],[13650,0,0],[13800,3,0],[14250,4,75]],"typeOfSection":0,"altAnim":true},{"lengthInSteps":16,"bpm":100,"changeBPM":false,"mustHitSection":true,"sectionNotes":[[14550,7,450],[16650,7,0],[15300,5,75],[15600,6,225],[15900,5,75],[16350,4,75]],"typeOfSection":0,"altAnim":true},{"lengthInSteps":16,"bpm":100,"changeBPM":false,"mustHitSection":true,"sectionNotes":[[16950,4,675],[17850,7,0],[18750,4,0],[19050,3,0],[18150,5,0],[18450,6,0],[18900,5,0]],"typeOfSection":0,"altAnim":true},{"lengthInSteps":16,"bpm":100,"changeBPM":false,"mustHitSection":false,"sectionNotes":[[19200,0,0],[19350,4,675],[20250,7,0],[21150,4,0],[19350,4,675],[20250,7,0],[21150,4,0],[21450,3,0],[20550,5,0],[20850,6,0],[21300,5,0]],"typeOfSection":0,"altAnim":true},{"lengthInSteps":16,"bpm":100,"changeBPM":false,"mustHitSection":false,"sectionNotes":[[21750,6,750],[22650,5,0],[22950,6,0],[23250,4,0],[23550,7,450]],"typeOfSection":0,"altAnim":true},{"lengthInSteps":16,"bpm":100,"changeBPM":false,"mustHitSection":false,"sectionNotes":[[24000,0,0],[24150,3,0],[24450,0,0],[24900,3,150],[25350,3,0],[25500,2,0],[25950,0,0],[26100,3,0],[26250,1,0],[25650,1,75]],"typeOfSection":0,"altAnim":false},{"lengthInSteps":16,"bpm":100,"changeBPM":false,"mustHitSection":false,"sectionNotes":[[26400,4,0],[26550,7,0],[26850,4,0],[27300,7,150],[27750,7,0],[27900,6,0],[28350,4,0],[28500,7,0],[28650,5,0],[28050,5,75]],"typeOfSection":0,"altAnim":true},{"lengthInSteps":16,"bpm":100,"changeBPM":false,"mustHitSection":true,"sectionNotes":[[28950,2,0],[29400,2,0],[29700,2,0],[30000,2,0],[30300,1,750]],"typeOfSection":0},{"lengthInSteps":16,"bpm":100,"changeBPM":false,"mustHitSection":true,"sectionNotes":[[31350,2,0],[31800,2,0],[32100,3,0],[32250,1,0],[32550,0,0],[32700,3,0],[32850,1,0],[33000,2,0],[33150,0,0],[33300,3,0],[33450,0,0]],"typeOfSection":0},{"lengthInSteps":16,"bpm":100,"changeBPM":false,"mustHitSection":true,"sectionNotes":[[34800,0,0],[35250,1,0],[35400,3,0],[35550,0,150],[33750,4,0],[33900,7,0],[34200,6,0],[34350,4,0],[34500,7,0],[34650,5,0],[34800,6,0],[34950,4,0],[35100,7,0],[35250,5,0],[35400,6,0],[35550,4,0],[35700,7,0],[35850,4,75],[34200,2,0],[34050,5,0],[33600,0,0]],"typeOfSection":0,"altAnim":true},{"lengthInSteps":16,"bpm":100,"changeBPM":false,"mustHitSection":true,"sectionNotes":[[36600,3,0],[37200,0,0],[37650,1,0],[37200,0,0],[37650,1,0],[36150,4,0],[36300,7,0],[36600,6,0],[36450,5,0],[36750,4,0],[36900,7,0],[37050,5,0],[37200,6,0],[37350,4,0],[37500,7,0],[37650,5,0],[37800,6,0],[37950,5,75],[38100,6,75],[37800,3,0],[37950,0,75]],"typeOfSection":0,"altAnim":true},{"lengthInSteps":16,"bpm":100,"changeBPM":false,"mustHitSection":false,"sectionNotes":[[39000,3,0],[39600,0,0],[39600,0,0],[40200,0,0],[40350,3,0],[38400,4,0],[38550,7,0],[38700,5,0],[38850,6,0],[39000,4,0],[39150,7,0],[39300,5,0],[39450,6,0],[39600,4,0],[39750,7,0],[39900,5,0],[40050,6,0],[40200,5,0],[40350,4,0],[40500,7,0],[40050,3,0],[40650,5,0]],"typeOfSection":0,"altAnim":true},{"lengthInSteps":16,"bpm":100,"changeBPM":false,"mustHitSection":false,"sectionNotes":[[41400,3,0],[42000,0,0],[42000,0,0],[40950,4,0],[41100,7,0],[41400,6,0],[41250,5,0],[41550,4,0],[41700,7,0],[41850,5,0],[42000,6,0],[42750,3,75],[43050,3,75],[40800,6,0],[42150,4,0],[42300,7,0],[42450,4,0],[42600,6,0],[42900,6,0],[42300,3,0],[42450,0,0]],"typeOfSection":0,"altAnim":true},{"lengthInSteps":16,"bpm":100,"changeBPM":false,"mustHitSection":false,"sectionNotes":[[43200,4,0],[43650,7,0],[43950,7,0],[44400,4,0],[44700,5,150],[45000,5,225]],"typeOfSection":0},{"lengthInSteps":16,"bpm":100,"changeBPM":false,"mustHitSection":false,"sectionNotes":[[45600,7,0],[46050,4,0],[46350,4,0],[46800,7,0],[47100,7,0],[46950,4,0],[47400,4,0],[47700,6,0]],"typeOfSection":0},{"lengthInSteps":16,"bpm":100,"changeBPM":false,"mustHitSection":true,"sectionNotes":[[48450,3,0],[49200,0,0],[48000,3,0],[48900,3,0],[49500,2,0],[49800,3,150]],"typeOfSection":0},{"lengthInSteps":16,"bpm":100,"changeBPM":false,"mustHitSection":true,"sectionNotes":[[50400,1,0],[50700,3,0],[51000,0,0],[51900,3,0],[52200,0,0],[52500,1,0],[51450,2,0],[51750,0,0]],"typeOfSection":0},{"lengthInSteps":16,"bpm":100,"changeBPM":false,"mustHitSection":true,"sectionNotes":[[52800,0,0],[53400,3,0],[53550,0,0],[54000,3,0],[54300,0,150],[54600,0,150]],"typeOfSection":0},{"lengthInSteps":16,"bpm":100,"changeBPM":false,"mustHitSection":true,"sectionNotes":[[55200,0,0],[56400,3,0],[55800,1,0],[55950,2,0],[56550,0,0],[56700,3,0],[57000,1,0],[57300,2,0]],"typeOfSection":0},{"lengthInSteps":16,"bpm":100,"changeBPM":false,"mustHitSection":false,"sectionNotes":[[57600,4,0],[58050,7,0],[58500,4,0],[58800,7,0],[59100,6,0],[59400,5,150]],"typeOfSection":0,"altAnim":true},{"lengthInSteps":16,"bpm":100,"changeBPM":false,"mustHitSection":false,"sectionNotes":[[60000,4,0],[61500,6,0],[60300,7,0],[60600,4,0],[60900,7,0],[61200,5,0],[61800,4,0],[62100,7,0]],"typeOfSection":0,"altAnim":true},{"lengthInSteps":16,"bpm":100,"changeBPM":false,"mustHitSection":false,"sectionNotes":[[62400,0,0],[62550,3,0],[62850,0,0],[63150,3,75],[63600,3,0],[63750,2,0],[63900,1,0],[64200,3,0],[64350,0,0],[64500,3,0]],"typeOfSection":0,"altAnim":false},{"lengthInSteps":16,"bpm":100,"changeBPM":false,"mustHitSection":false,"sectionNotes":[[64800,4,0],[64950,7,0],[65250,4,0],[65550,7,75],[66000,7,0],[66150,6,0],[66300,5,0],[66600,7,0],[66750,4,0],[66900,7,0]],"typeOfSection":0,"altAnim":true},{"lengthInSteps":16,"bpm":100,"changeBPM":false,"mustHitSection":true,"sectionNotes":[[67200,2,0],[67650,2,0],[67950,2,0],[68400,2,0],[68700,1,600]],"typeOfSection":0},{"lengthInSteps":16,"bpm":100,"changeBPM":false,"mustHitSection":true,"sectionNotes":[[69600,2,0],[70050,2,0],[70500,0,0],[70350,3,0],[70800,3,0],[70950,2,0],[71100,1,0],[71250,0,0],[71400,3,0],[71550,0,0],[71700,3,0],[71850,1,0]],"typeOfSection":0},{"lengthInSteps":16,"bpm":100,"changeBPM":false,"mustHitSection":true,"sectionNotes":[[72000,4,0],[72150,6,0],[72300,5,0],[72450,7,0],[72450,0,0],[72600,4,0],[72750,6,0],[72900,5,0],[73050,7,0],[73200,4,0],[73200,6,0],[73350,5,0],[73500,7,0],[73650,4,0],[73800,7,0],[73950,6,0],[74100,4,150],[73050,3,0],[73500,0,0],[73650,3,0],[73800,0,150]],"typeOfSection":0,"altAnim":true},{"lengthInSteps":16,"bpm":100,"changeBPM":false,"mustHitSection":true,"sectionNotes":[[74400,4,0],[74550,6,0],[74700,5,0],[74850,7,0],[75000,4,0],[75150,6,0],[75300,5,0],[75450,7,0],[75600,4,0],[75600,6,0],[75750,5,0],[75900,7,0],[76050,4,0],[76200,6,150],[76500,5,150],[74850,3,0],[75450,0,0],[75900,3,0],[76050,0,0],[76200,3,150]],"typeOfSection":0},{"lengthInSteps":16,"bpm":100,"changeBPM":false,"mustHitSection":false,"sectionNotes":[[76800,4,0],[76950,6,0],[77100,5,0],[77250,7,0],[77250,0,0],[77400,4,0],[77550,6,0],[77700,5,0],[77850,7,0],[78000,4,0],[78000,6,0],[78150,5,0],[78300,7,0],[78450,4,0],[78600,6,0],[78750,5,0],[78900,4,0],[79050,7,0],[77850,3,0],[78300,0,0],[78450,3,0],[78600,0,0]],"typeOfSection":0,"altAnim":true},{"lengthInSteps":16,"bpm":100,"changeBPM":false,"mustHitSection":false,"sectionNotes":[[79200,4,0],[79350,6,0],[79500,5,0],[79650,7,0],[79800,4,0],[79950,6,0],[80100,5,0],[80400,4,0],[80700,7,0],[80850,4,0],[81000,7,0],[81300,7,0],[80250,0,0],[79650,3,0],[80700,3,0],[80850,0,0],[81000,3,0],[81300,3,0]],"typeOfSection":0,"altAnim":true},{"lengthInSteps":16,"bpm":100,"changeBPM":false,"mustHitSection":true,"sectionNotes":[[81600,4,0],[81900,7,0],[82050,4,0],[82200,6,0],[82500,7,0],[82800,5,0],[83100,4,0],[83400,7,0],[83550,4,0],[83850,6,0]],"typeOfSection":0},{"lengthInSteps":16,"bpm":100,"changeBPM":false,"mustHitSection":true,"sectionNotes":[[84150,6,0],[84300,5,0],[85350,7,0],[86250,6,0],[84450,4,0],[84600,7,0],[84900,7,0],[85050,4,0],[85650,6,0],[85950,5,0]],"typeOfSection":0},{"lengthInSteps":16,"bpm":100,"changeBPM":false,"mustHitSection":false,"sectionNotes":[[86850,4,0],[87000,7,0],[87300,7,0],[88350,5,0],[86400,6,0],[86550,5,0],[87600,4,0],[87900,7,0],[88200,6,0],[88650,6,0]],"typeOfSection":0,"altAnim":false},{"lengthInSteps":16,"bpm":100,"changeBPM":false,"mustHitSection":false,"sectionNotes":[[88950,6,0],[89100,6,0],[89400,4,0],[89700,5,0],[89850,7,0],[90000,4,0],[90150,7,0],[90750,7,0],[90300,4,0],[90450,7,0],[91050,5,0]],"typeOfSection":0,"altAnim":true},{"lengthInSteps":16,"bpm":100,"changeBPM":false,"mustHitSection":true,"sectionNotes":[[91200,4,0],[91500,7,0],[91800,5,0],[91950,6,0],[92250,5,0],[92550,6,150],[93000,4,0],[93150,7,0],[93300,4,0]],"typeOfSection":0,"altAnim":true},{"lengthInSteps":16,"bpm":100,"changeBPM":false,"mustHitSection":true,"sectionNotes":[[93600,6,0],[93750,5,0],[93900,7,0],[94050,4,0],[94200,6,0],[94350,5,0],[94500,7,0],[94650,4,0],[94800,6,0],[94950,5,0],[95100,7,0],[95250,6,0],[95400,5,0],[95700,5,0]],"typeOfSection":0,"altAnim":true},{"lengthInSteps":16,"bpm":100,"changeBPM":false,"mustHitSection":false,"sectionNotes":[[96000,4,0],[96300,7,0],[97800,4,0],[96600,6,0],[97050,6,0],[96750,5,0],[97350,5,150],[98100,7,0]],"typeOfSection":0,"altAnim":true},{"lengthInSteps":16,"bpm":100,"changeBPM":false,"mustHitSection":false,"sectionNotes":[[98400,6,0],[98700,5,0],[99000,7,0],[99300,7,0],[99600,4,0],[99900,7,0],[100200,6,0],[100500,5,0]],"typeOfSection":0,"altAnim":true},{"lengthInSteps":16,"bpm":100,"changeBPM":false,"mustHitSection":true,"sectionNotes":[[100800,2,675]],"typeOfSection":0},{"lengthInSteps":16,"bpm":100,"changeBPM":false,"mustHitSection":true,"sectionNotes":[],"typeOfSection":0},{"lengthInSteps":16,"bpm":100,"changeBPM":false,"mustHitSection":true,"sectionNotes":[],"typeOfSection":0},{"lengthInSteps":16,"bpm":100,"changeBPM":false,"mustHitSection":true,"sectionNotes":[],"typeOfSection":0},{"lengthInSteps":16,"bpm":100,"changeBPM":false,"mustHitSection":true,"sectionNotes":[],"typeOfSection":0},{"lengthInSteps":16,"bpm":100,"changeBPM":false,"mustHitSection":true,"sectionNotes":[],"typeOfSection":0},{"lengthInSteps":16,"bpm":100,"changeBPM":false,"mustHitSection":true,"sectionNotes":[],"typeOfSection":0},{"lengthInSteps":16,"bpm":100,"changeBPM":false,"mustHitSection":true,"sectionNotes":[],"typeOfSection":0},{"lengthInSteps":16,"bpm":100,"changeBPM":false,"mustHitSection":true,"sectionNotes":[],"typeOfSection":0,"altAnim":false},{"lengthInSteps":16,"bpm":100,"changeBPM":false,"mustHitSection":true,"sectionNotes":[],"typeOfSection":0,"altAnim":false},{"lengthInSteps":16,"bpm":100,"changeBPM":false,"mustHitSection":true,"sectionNotes":[],"typeOfSection":0,"altAnim":false},{"lengthInSteps":16,"bpm":100,"changeBPM":false,"mustHitSection":true,"sectionNotes":[],"typeOfSection":0,"altAnim":false},{"lengthInSteps":16,"bpm":100,"changeBPM":false,"mustHitSection":true,"sectionNotes":[],"typeOfSection":0,"altAnim":false},{"lengthInSteps":16,"bpm":100,"changeBPM":false,"mustHitSection":true,"sectionNotes":[],"typeOfSection":0,"altAnim":false},{"lengthInSteps":16,"bpm":100,"changeBPM":false,"mustHitSection":true,"sectionNotes":[],"typeOfSection":0,"altAnim":false},{"lengthInSteps":16,"bpm":100,"changeBPM":false,"mustHitSection":true,"sectionNotes":[],"typeOfSection":0,"altAnim":false},{"lengthInSteps":16,"bpm":100,"changeBPM":false,"mustHitSection":true,"sectionNotes":[],"typeOfSection":0,"altAnim":false},{"lengthInSteps":16,"bpm":100,"changeBPM":false,"mustHitSection":true,"sectionNotes":[],"typeOfSection":0,"altAnim":false},{"lengthInSteps":16,"bpm":100,"changeBPM":false,"mustHitSection":true,"sectionNotes":[],"typeOfSection":0,"altAnim":false},{"lengthInSteps":16,"bpm":100,"changeBPM":false,"mustHitSection":true,"sectionNotes":[],"typeOfSection":0,"altAnim":false},{"lengthInSteps":16,"bpm":100,"changeBPM":false,"mustHitSection":true,"sectionNotes":[],"typeOfSection":0,"altAnim":false},{"lengthInSteps":16,"bpm":100,"changeBPM":false,"mustHitSection":true,"sectionNotes":[],"typeOfSection":0,"altAnim":false},{"lengthInSteps":16,"bpm":100,"changeBPM":false,"mustHitSection":true,"sectionNotes":[],"typeOfSection":0,"altAnim":false},{"lengthInSteps":16,"bpm":100,"changeBPM":false,"mustHitSection":true,"sectionNotes":[],"typeOfSection":0,"altAnim":false},{"lengthInSteps":16,"bpm":100,"changeBPM":false,"mustHitSection":true,"sectionNotes":[],"typeOfSection":0,"altAnim":false},{"lengthInSteps":16,"bpm":100,"changeBPM":false,"mustHitSection":true,"sectionNotes":[],"typeOfSection":0,"altAnim":false},{"lengthInSteps":16,"bpm":100,"changeBPM":false,"mustHitSection":true,"sectionNotes":[],"typeOfSection":0,"altAnim":false},{"lengthInSteps":16,"bpm":100,"changeBPM":false,"mustHitSection":true,"sectionNotes":[],"typeOfSection":0,"altAnim":false},{"lengthInSteps":16,"bpm":100,"changeBPM":false,"mustHitSection":true,"sectionNotes":[],"typeOfSection":0,"altAnim":false},{"lengthInSteps":16,"bpm":100,"changeBPM":false,"mustHitSection":true,"sectionNotes":[],"typeOfSection":0,"altAnim":false},{"lengthInSteps":16,"bpm":100,"changeBPM":false,"mustHitSection":true,"sectionNotes":[],"typeOfSection":0,"altAnim":false},{"lengthInSteps":16,"bpm":100,"changeBPM":false,"mustHitSection":true,"sectionNotes":[],"typeOfSection":0,"altAnim":false},{"lengthInSteps":16,"bpm":100,"changeBPM":false,"mustHitSection":true,"sectionNotes":[],"typeOfSection":0,"altAnim":false},{"lengthInSteps":16,"bpm":100,"changeBPM":false,"mustHitSection":true,"sectionNotes":[],"typeOfSection":0,"altAnim":false},{"lengthInSteps":16,"bpm":100,"changeBPM":false,"mustHitSection":true,"sectionNotes":[],"typeOfSection":0,"altAnim":false},{"lengthInSteps":16,"bpm":100,"changeBPM":false,"mustHitSection":true,"sectionNotes":[],"typeOfSection":0,"altAnim":false},{"lengthInSteps":16,"bpm":100,"changeBPM":false,"mustHitSection":true,"sectionNotes":[],"typeOfSection":0,"altAnim":false},{"lengthInSteps":16,"bpm":100,"changeBPM":false,"mustHitSection":true,"sectionNotes":[],"typeOfSection":0,"altAnim":false},{"lengthInSteps":16,"bpm":100,"changeBPM":false,"mustHitSection":true,"sectionNotes":[],"typeOfSection":0,"altAnim":false},{"lengthInSteps":16,"bpm":100,"changeBPM":false,"mustHitSection":true,"sectionNotes":[],"typeOfSection":0,"altAnim":false},{"lengthInSteps":16,"bpm":100,"changeBPM":false,"mustHitSection":true,"sectionNotes":[],"typeOfSection":0,"altAnim":false}],"bpm":100,"sections":0,"needsVoices":true,"player1":"bf-christmas","player2":"parents-christmas","sectionLengths":[],"speed":2.0000000000000000,"validScore":true}}