{"song":{"player1":"bf","sectionLengths":[],"notes":[{"typeOfSection":0,"lengthInSteps":16,"sectionNotes":[],"mustHitSection":true},{"typeOfSection":0,"lengthInSteps":16,"sectionNotes":[],"mustHitSection":true},{"typeOfSection":0,"lengthInSteps":16,"sectionNotes":[],"mustHitSection":true},{"typeOfSection":0,"lengthInSteps":16,"sectionNotes":[],"mustHitSection":true},{"typeOfSection":0,"lengthInSteps":16,"sectionNotes":[[9600,0,0],[10500,0,0],[11100,3,0]],"mustHitSection":false},{"typeOfSection":0,"lengthInSteps":16,"sectionNotes":[[12000,0,0],[12000,0,0],[12900,0,0],[13500,3,0]],"mustHitSection":false},{"typeOfSection":0,"lengthInSteps":16,"sectionNotes":[[15900,3,0],[14400,0,0],[15300,0,0]],"mustHitSection":true},{"typeOfSection":0,"lengthInSteps":16,"sectionNotes":[[18300,3,0],[16800,0,0],[17700,0,0]],"mustHitSection":true},{"typeOfSection":0,"lengthInSteps":16,"sectionNotes":[[19200,2,0],[19800,1,0],[20400,2,0],[20700,2,0],[21000,2,0]],"mustHitSection":false},{"typeOfSection":0,"lengthInSteps":16,"sectionNotes":[[21600,2,0],[22200,1,0],[22800,2,0],[23100,2,0],[23400,2,0]],"mustHitSection":false},{"typeOfSection":0,"lengthInSteps":16,"sectionNotes":[[24000,2,0],[24600,1,0],[25200,2,0],[25500,2,0],[25800,2,0]],"mustHitSection":true},{"typeOfSection":0,"lengthInSteps":16,"sectionNotes":[[26400,2,0],[27000,1,0],[27600,2,0],[27900,2,0],[28200,2,0]],"mustHitSection":true},{"typeOfSection":0,"lengthInSteps":16,"sectionNotes":[[28800,0,0],[29400,2,0],[30000,1,0],[30600,3,0]],"mustHitSection":false},{"typeOfSection":0,"lengthInSteps":16,"sectionNotes":[[31200,0,0],[31800,2,0],[32400,1,0],[33000,3,0]],"mustHitSection":false},{"typeOfSection":0,"lengthInSteps":16,"sectionNotes":[[33600,0,0],[34200,2,0],[34800,1,0],[35400,3,0]],"mustHitSection":true},{"typeOfSection":0,"lengthInSteps":16,"sectionNotes":[[36000,0,0],[36600,2,0],[37200,1,0],[37800,3,0]],"mustHitSection":true},{"typeOfSection":0,"lengthInSteps":16,"sectionNotes":[[38400,1,0],[39000,1,0],[39600,1,0],[40200,2,0]],"mustHitSection":false},{"typeOfSection":0,"lengthInSteps":16,"sectionNotes":[[40800,1,0],[41400,1,0],[42000,1,0],[42600,3,0]],"mustHitSection":false},{"typeOfSection":0,"lengthInSteps":16,"sectionNotes":[[43200,1,0],[43800,1,0],[44400,1,0],[45000,2,0]],"mustHitSection":true},{"typeOfSection":0,"lengthInSteps":16,"sectionNotes":[[45600,1,0],[46200,1,0],[46800,1,0],[47400,3,0]],"mustHitSection":true},{"typeOfSection":0,"lengthInSteps":16,"sectionNotes":[[48000,1,0],[48300,2,0],[48600,1,0],[48900,3,0],[49500,3,0],[49800,3,0]],"mustHitSection":false},{"typeOfSection":0,"lengthInSteps":16,"sectionNotes":[[50400,1,0],[50700,2,0],[51000,1,0],[51300,3,0],[51600,1,0],[51900,2,0],[52200,0,0],[52500,2,0]],"mustHitSection":true},{"typeOfSection":0,"lengthInSteps":16,"sectionNotes":[[52800,3,0],[53100,0,0],[53400,3,0],[53700,0,0],[54000,1,0],[54300,1,0],[54600,2,0],[54900,1,0]],"mustHitSection":true},{"typeOfSection":0,"lengthInSteps":16,"sectionNotes":[[55200,3,0],[55500,0,0],[55800,2,0],[56100,1,0],[56400,3,0],[56700,1,0],[57000,2,0],[57300,1,0]],"mustHitSection":true},{"typeOfSection":0,"lengthInSteps":16,"sectionNotes":[[57600,1,0]],"mustHitSection":true},{"typeOfSection":0,"lengthInSteps":16,"sectionNotes":[],"mustHitSection":true},{"typeOfSection":0,"lengthInSteps":16,"sectionNotes":[],"mustHitSection":true},{"lengthInSteps":16,"sectionNotes":[],"typeOfSection":0,"mustHitSection":true,"changeBPM":false,"bpm":100},{"sectionNotes":[],"typeOfSection":0,"lengthInSteps":16,"altAnim":false,"mustHitSection":true,"changeBPM":false,"bpm":100},{"lengthInSteps":16,"altAnim":false,"typeOfSection":0,"sectionNotes":[],"bpm":100,"changeBPM":false,"mustHitSection":true}],"player2":"gf","song":"Tutorial","validScore":true,"sections":0,"needsVoices":false,"bpm":100,"speed":1}}