﻿<?xml version="1.0" encoding="utf-8"?>
<TextureAtlas imagePath="GF_ass_sets_neon.png">
	<!-- Created with Adobe Animate version 21.0.2.37893 -->
	<!-- http://www.adobe.com/products/animate.html -->
	<SubTexture name="GF Cheer0000" x="0" y="0" width="699" height="663" frameX="-2" frameY="0" frameWidth="703" frameHeight="663"/>
	<SubTexture name="GF Cheer0001" x="699" y="0" width="703" height="663"/>
	<SubTexture name="GF Cheer0002" x="1402" y="0" width="703" height="660" frameX="0" frameY="-3" frameWidth="703" frameHeight="663"/>
	<SubTexture name="GF Cheer0003" x="2105" y="0" width="699" height="660" frameX="-2" frameY="-3" frameWidth="703" frameHeight="663"/>
	<SubTexture name="GF Cheer0004" x="2804" y="0" width="699" height="660" frameX="-2" frameY="-3" frameWidth="703" frameHeight="663"/>
	<SubTexture name="GF Cheer0005" x="2804" y="0" width="699" height="660" frameX="-2" frameY="-3" frameWidth="703" frameHeight="663"/>
	<SubTexture name="GF Cheer0006" x="2804" y="0" width="699" height="660" frameX="-2" frameY="-3" frameWidth="703" frameHeight="663"/>
	<SubTexture name="GF Cheer0007" x="2804" y="0" width="699" height="660" frameX="-2" frameY="-3" frameWidth="703" frameHeight="663"/>
	<SubTexture name="GF Cheer0008" x="2804" y="0" width="699" height="660" frameX="-2" frameY="-3" frameWidth="703" frameHeight="663"/>
	<SubTexture name="GF Cheer0009" x="2804" y="0" width="699" height="660" frameX="-2" frameY="-3" frameWidth="703" frameHeight="663"/>
	<SubTexture name="GF Cheer0010" x="2804" y="0" width="699" height="660" frameX="-2" frameY="-3" frameWidth="703" frameHeight="663"/>
	<SubTexture name="GF Cheer0011" x="2804" y="0" width="699" height="660" frameX="-2" frameY="-3" frameWidth="703" frameHeight="663"/>
	<SubTexture name="GF Cheer0012" x="2804" y="0" width="699" height="660" frameX="-2" frameY="-3" frameWidth="703" frameHeight="663"/>
	<SubTexture name="GF Cheer0013" x="2804" y="0" width="699" height="660" frameX="-2" frameY="-3" frameWidth="703" frameHeight="663"/>
	<SubTexture name="GF Cheer0014" x="2804" y="0" width="699" height="660" frameX="-2" frameY="-3" frameWidth="703" frameHeight="663"/>
	<SubTexture name="GF Cheer0015" x="2804" y="0" width="699" height="660" frameX="-2" frameY="-3" frameWidth="703" frameHeight="663"/>
	<SubTexture name="GF Cheer0016" x="2804" y="0" width="699" height="660" frameX="-2" frameY="-3" frameWidth="703" frameHeight="663"/>
	<SubTexture name="GF Cheer0017" x="2804" y="0" width="699" height="660" frameX="-2" frameY="-3" frameWidth="703" frameHeight="663"/>
	<SubTexture name="GF Cheer0018" x="2804" y="0" width="699" height="660" frameX="-2" frameY="-3" frameWidth="703" frameHeight="663"/>
	<SubTexture name="GF Cheer0019" x="2804" y="0" width="699" height="660" frameX="-2" frameY="-3" frameWidth="703" frameHeight="663"/>
	<SubTexture name="GF Cheer0020" x="2804" y="0" width="699" height="660" frameX="-2" frameY="-3" frameWidth="703" frameHeight="663"/>
	<SubTexture name="GF Dancing Beat0000" x="3503" y="0" width="699" height="640" frameX="-2" frameY="-14" frameWidth="703" frameHeight="654"/>
	<SubTexture name="GF Dancing Beat0001" x="4202" y="0" width="703" height="640" frameX="0" frameY="-14" frameWidth="703" frameHeight="654"/>
	<SubTexture name="GF Dancing Beat0002" x="4905" y="0" width="703" height="638" frameX="0" frameY="-16" frameWidth="703" frameHeight="654"/>
	<SubTexture name="GF Dancing Beat0003" x="5608" y="0" width="699" height="638" frameX="-2" frameY="-16" frameWidth="703" frameHeight="654"/>
	<SubTexture name="GF Dancing Beat0004" x="6307" y="0" width="699" height="641" frameX="-2" frameY="-13" frameWidth="703" frameHeight="654"/>
	<SubTexture name="GF Dancing Beat0005" x="7006" y="0" width="699" height="641" frameX="-2" frameY="-13" frameWidth="703" frameHeight="654"/>
	<SubTexture name="GF Dancing Beat0006" x="0" y="663" width="699" height="643" frameX="-2" frameY="-11" frameWidth="703" frameHeight="654"/>
	<SubTexture name="GF Dancing Beat0007" x="699" y="663" width="699" height="654" frameX="-2" frameY="0" frameWidth="703" frameHeight="654"/>
	<SubTexture name="GF Dancing Beat0008" x="699" y="663" width="699" height="654" frameX="-2" frameY="0" frameWidth="703" frameHeight="654"/>
	<SubTexture name="GF Dancing Beat0009" x="699" y="663" width="699" height="654" frameX="-2" frameY="0" frameWidth="703" frameHeight="654"/>
	<SubTexture name="GF Dancing Beat0010" x="1398" y="663" width="699" height="654" frameX="-2" frameY="0" frameWidth="703" frameHeight="654"/>
	<SubTexture name="GF Dancing Beat0011" x="1398" y="663" width="699" height="654" frameX="-2" frameY="0" frameWidth="703" frameHeight="654"/>
	<SubTexture name="GF Dancing Beat0012" x="1398" y="663" width="699" height="654" frameX="-2" frameY="0" frameWidth="703" frameHeight="654"/>
	<SubTexture name="GF Dancing Beat0013" x="2097" y="663" width="699" height="654" frameX="-2" frameY="0" frameWidth="703" frameHeight="654"/>
	<SubTexture name="GF Dancing Beat0014" x="2097" y="663" width="699" height="654" frameX="-2" frameY="0" frameWidth="703" frameHeight="654"/>
	<SubTexture name="GF Dancing Beat0015" x="2796" y="663" width="699" height="642" frameX="-2" frameY="-12" frameWidth="703" frameHeight="654"/>
	<SubTexture name="GF Dancing Beat0016" x="3495" y="663" width="703" height="642" frameX="0" frameY="-12" frameWidth="703" frameHeight="654"/>
	<SubTexture name="GF Dancing Beat0017" x="4198" y="663" width="703" height="642" frameX="0" frameY="-12" frameWidth="703" frameHeight="654"/>
	<SubTexture name="GF Dancing Beat0018" x="4901" y="663" width="699" height="642" frameX="-2" frameY="-12" frameWidth="703" frameHeight="654"/>
	<SubTexture name="GF Dancing Beat0019" x="5600" y="663" width="699" height="643" frameX="-2" frameY="-11" frameWidth="703" frameHeight="654"/>
	<SubTexture name="GF Dancing Beat0020" x="6299" y="663" width="699" height="643" frameX="-2" frameY="-11" frameWidth="703" frameHeight="654"/>
	<SubTexture name="GF Dancing Beat0021" x="6998" y="663" width="699" height="644" frameX="-2" frameY="-10" frameWidth="703" frameHeight="654"/>
	<SubTexture name="GF Dancing Beat0022" x="0" y="1317" width="699" height="649" frameX="-2" frameY="-5" frameWidth="703" frameHeight="654"/>
	<SubTexture name="GF Dancing Beat0023" x="0" y="1317" width="699" height="649" frameX="-2" frameY="-5" frameWidth="703" frameHeight="654"/>
	<SubTexture name="GF Dancing Beat0024" x="0" y="1317" width="699" height="649" frameX="-2" frameY="-5" frameWidth="703" frameHeight="654"/>
	<SubTexture name="GF Dancing Beat0025" x="699" y="1317" width="699" height="648" frameX="-2" frameY="-6" frameWidth="703" frameHeight="654"/>
	<SubTexture name="GF Dancing Beat0026" x="699" y="1317" width="699" height="648" frameX="-2" frameY="-6" frameWidth="703" frameHeight="654"/>
	<SubTexture name="GF Dancing Beat0027" x="699" y="1317" width="699" height="648" frameX="-2" frameY="-6" frameWidth="703" frameHeight="654"/>
	<SubTexture name="GF Dancing Beat0028" x="1398" y="1317" width="699" height="648" frameX="-2" frameY="-6" frameWidth="703" frameHeight="654"/>
	<SubTexture name="GF Dancing Beat0029" x="1398" y="1317" width="699" height="648" frameX="-2" frameY="-6" frameWidth="703" frameHeight="654"/>
	<SubTexture name="GF Dancing Beat Hair Landing0000" x="2097" y="1317" width="699" height="641" frameX="-2" frameY="-13" frameWidth="703" frameHeight="654"/>
	<SubTexture name="GF Dancing Beat Hair Landing0001" x="2796" y="1317" width="703" height="641" frameX="0" frameY="-13" frameWidth="703" frameHeight="654"/>
	<SubTexture name="GF Dancing Beat Hair Landing0002" x="3499" y="1317" width="703" height="625" frameX="0" frameY="-29" frameWidth="703" frameHeight="654"/>
	<SubTexture name="GF Dancing Beat Hair Landing0003" x="4202" y="1317" width="699" height="625" frameX="-2" frameY="-29" frameWidth="703" frameHeight="654"/>
	<SubTexture name="GF Dancing Beat Hair Landing0004" x="4901" y="1317" width="699" height="613" frameX="-2" frameY="-41" frameWidth="703" frameHeight="654"/>
	<SubTexture name="GF Dancing Beat Hair Landing0005" x="5600" y="1317" width="699" height="613" frameX="-2" frameY="-41" frameWidth="703" frameHeight="654"/>
	<SubTexture name="GF Dancing Beat Hair Landing0006" x="6299" y="1317" width="699" height="632" frameX="-2" frameY="-22" frameWidth="703" frameHeight="654"/>
	<SubTexture name="GF Dancing Beat Hair Landing0007" x="699" y="663" width="699" height="654" frameX="-2" frameY="0" frameWidth="703" frameHeight="654"/>
	<SubTexture name="GF Dancing Beat Hair Landing0008" x="699" y="663" width="699" height="654" frameX="-2" frameY="0" frameWidth="703" frameHeight="654"/>
	<SubTexture name="GF Dancing Beat Hair Landing0009" x="699" y="663" width="699" height="654" frameX="-2" frameY="0" frameWidth="703" frameHeight="654"/>
	<SubTexture name="GF Dancing Beat Hair Landing0010" x="1398" y="663" width="699" height="654" frameX="-2" frameY="0" frameWidth="703" frameHeight="654"/>
	<SubTexture name="GF Dancing Beat Hair Landing0011" x="1398" y="663" width="699" height="654" frameX="-2" frameY="0" frameWidth="703" frameHeight="654"/>
	<SubTexture name="GF Dancing Beat Hair Landing0012" x="1398" y="663" width="699" height="654" frameX="-2" frameY="0" frameWidth="703" frameHeight="654"/>
	<SubTexture name="GF Dancing Beat Hair Landing0013" x="2097" y="663" width="699" height="654" frameX="-2" frameY="0" frameWidth="703" frameHeight="654"/>
	<SubTexture name="GF Dancing Beat Hair Landing0014" x="2097" y="663" width="699" height="654" frameX="-2" frameY="0" frameWidth="703" frameHeight="654"/>
	<SubTexture name="GF Dancing Beat Hair Landing0015" x="2796" y="663" width="699" height="642" frameX="-2" frameY="-12" frameWidth="703" frameHeight="654"/>
	<SubTexture name="GF Dancing Beat Hair Landing0016" x="3495" y="663" width="703" height="642" frameX="0" frameY="-12" frameWidth="703" frameHeight="654"/>
	<SubTexture name="GF Dancing Beat Hair Landing0017" x="4198" y="663" width="703" height="642" frameX="0" frameY="-12" frameWidth="703" frameHeight="654"/>
	<SubTexture name="GF Dancing Beat Hair Landing0018" x="4901" y="663" width="699" height="642" frameX="-2" frameY="-12" frameWidth="703" frameHeight="654"/>
	<SubTexture name="GF Dancing Beat Hair Landing0019" x="5600" y="663" width="699" height="643" frameX="-2" frameY="-11" frameWidth="703" frameHeight="654"/>
	<SubTexture name="GF Dancing Beat Hair Landing0020" x="6299" y="663" width="699" height="643" frameX="-2" frameY="-11" frameWidth="703" frameHeight="654"/>
	<SubTexture name="GF Dancing Beat Hair Landing0021" x="6998" y="663" width="699" height="644" frameX="-2" frameY="-10" frameWidth="703" frameHeight="654"/>
	<SubTexture name="GF Dancing Beat Hair Landing0022" x="0" y="1317" width="699" height="649" frameX="-2" frameY="-5" frameWidth="703" frameHeight="654"/>
	<SubTexture name="GF Dancing Beat Hair Landing0023" x="0" y="1317" width="699" height="649" frameX="-2" frameY="-5" frameWidth="703" frameHeight="654"/>
	<SubTexture name="GF Dancing Beat Hair Landing0024" x="0" y="1317" width="699" height="649" frameX="-2" frameY="-5" frameWidth="703" frameHeight="654"/>
	<SubTexture name="GF Dancing Beat Hair Landing0025" x="699" y="1317" width="699" height="648" frameX="-2" frameY="-6" frameWidth="703" frameHeight="654"/>
	<SubTexture name="GF Dancing Beat Hair Landing0026" x="699" y="1317" width="699" height="648" frameX="-2" frameY="-6" frameWidth="703" frameHeight="654"/>
	<SubTexture name="GF Dancing Beat Hair Landing0027" x="699" y="1317" width="699" height="648" frameX="-2" frameY="-6" frameWidth="703" frameHeight="654"/>
	<SubTexture name="GF Dancing Beat Hair Landing0028" x="1398" y="1317" width="699" height="648" frameX="-2" frameY="-6" frameWidth="703" frameHeight="654"/>
	<SubTexture name="GF Dancing Beat Hair Landing0029" x="1398" y="1317" width="699" height="648" frameX="-2" frameY="-6" frameWidth="703" frameHeight="654"/>
	<SubTexture name="GF Dancing Beat Hair blowing0000" x="6998" y="1317" width="701" height="642" frameX="-45" frameY="-13" frameWidth="748" frameHeight="655"/>
	<SubTexture name="GF Dancing Beat Hair blowing0001" x="0" y="1966" width="703" height="642" frameX="-45" frameY="-13" frameWidth="748" frameHeight="655"/>
	<SubTexture name="GF Dancing Beat Hair blowing0002" x="703" y="1966" width="748" height="634" frameX="0" frameY="-21" frameWidth="748" frameHeight="655"/>
	<SubTexture name="GF Dancing Beat Hair blowing0003" x="1451" y="1966" width="699" height="633" frameX="-47" frameY="-22" frameWidth="748" frameHeight="655"/>
	<SubTexture name="GF Dancing Beat Hair blowing0004" x="2150" y="1966" width="699" height="635" frameX="-47" frameY="-20" frameWidth="748" frameHeight="655"/>
	<SubTexture name="GF Dancing Beat Hair blowing0005" x="2849" y="1966" width="701" height="644" frameX="-45" frameY="-11" frameWidth="748" frameHeight="655"/>
	<SubTexture name="GF Dancing Beat Hair blowing0006" x="3550" y="1966" width="739" height="642" frameX="-7" frameY="-13" frameWidth="748" frameHeight="655"/>
	<SubTexture name="GF Dancing Beat Hair blowing0007" x="4289" y="1966" width="699" height="653" frameX="-47" frameY="-2" frameWidth="748" frameHeight="655"/>
	<SubTexture name="GF Dancing Beat Hair blowing0008" x="4988" y="1966" width="728" height="645" frameX="-18" frameY="-10" frameWidth="748" frameHeight="655"/>
	<SubTexture name="GF Dancing Beat Hair blowing0009" x="5716" y="1966" width="699" height="644" frameX="-47" frameY="-11" frameWidth="748" frameHeight="655"/>
	<SubTexture name="GF Dancing Beat Hair blowing0010" x="6415" y="1966" width="699" height="646" frameX="-47" frameY="-9" frameWidth="748" frameHeight="655"/>
	<SubTexture name="GF Dancing Beat Hair blowing0011" x="7114" y="1966" width="699" height="655" frameX="-47" frameY="0" frameWidth="748" frameHeight="655"/>
	<SubTexture name="GF Dancing Beat Hair blowing0012" x="7114" y="1966" width="699" height="655" frameX="-47" frameY="0" frameWidth="748" frameHeight="655"/>
	<SubTexture name="GF Dancing Beat Hair blowing0013" x="0" y="2621" width="699" height="654" frameX="-47" frameY="-1" frameWidth="748" frameHeight="655"/>
	<SubTexture name="GF Dancing Beat Hair blowing0014" x="699" y="2621" width="725" height="646" frameX="-21" frameY="-9" frameWidth="748" frameHeight="655"/>
	<SubTexture name="GF Dancing Beat Hair blowing0015" x="1424" y="2621" width="699" height="631" frameX="-47" frameY="-24" frameWidth="748" frameHeight="655"/>
	<SubTexture name="GF Dancing Beat Hair blowing0016" x="2123" y="2621" width="703" height="631" frameX="-45" frameY="-24" frameWidth="748" frameHeight="655"/>
	<SubTexture name="GF Dancing Beat Hair blowing0017" x="2826" y="2621" width="703" height="637" frameX="-45" frameY="-18" frameWidth="748" frameHeight="655"/>
	<SubTexture name="GF Dancing Beat Hair blowing0018" x="3529" y="2621" width="699" height="637" frameX="-47" frameY="-18" frameWidth="748" frameHeight="655"/>
	<SubTexture name="GF Dancing Beat Hair blowing0019" x="4228" y="2621" width="699" height="640" frameX="-47" frameY="-15" frameWidth="748" frameHeight="655"/>
	<SubTexture name="GF Dancing Beat Hair blowing0020" x="4927" y="2621" width="710" height="632" frameX="-36" frameY="-23" frameWidth="748" frameHeight="655"/>
	<SubTexture name="GF Dancing Beat Hair blowing0021" x="5637" y="2621" width="699" height="636" frameX="-47" frameY="-19" frameWidth="748" frameHeight="655"/>
	<SubTexture name="GF Dancing Beat Hair blowing0022" x="6336" y="2621" width="699" height="643" frameX="-47" frameY="-12" frameWidth="748" frameHeight="655"/>
	<SubTexture name="GF Dancing Beat Hair blowing0023" x="7035" y="2621" width="699" height="652" frameX="-47" frameY="-3" frameWidth="748" frameHeight="655"/>
	<SubTexture name="GF Dancing Beat Hair blowing0024" x="7035" y="2621" width="699" height="652" frameX="-47" frameY="-3" frameWidth="748" frameHeight="655"/>
	<SubTexture name="GF Dancing Beat Hair blowing0025" x="0" y="3275" width="699" height="653" frameX="-47" frameY="-2" frameWidth="748" frameHeight="655"/>
	<SubTexture name="GF Dancing Beat Hair blowing0026" x="699" y="3275" width="716" height="645" frameX="-30" frameY="-10" frameWidth="748" frameHeight="655"/>
	<SubTexture name="GF Dancing Beat Hair blowing0027" x="1415" y="3275" width="699" height="644" frameX="-47" frameY="-11" frameWidth="748" frameHeight="655"/>
	<SubTexture name="GF Dancing Beat Hair blowing0028" x="2114" y="3275" width="699" height="643" frameX="-47" frameY="-12" frameWidth="748" frameHeight="655"/>
	<SubTexture name="GF Dancing Beat Hair blowing0029" x="2813" y="3275" width="699" height="652" frameX="-47" frameY="-3" frameWidth="748" frameHeight="655"/>
	<SubTexture name="GF Down Note0000" x="3512" y="3275" width="699" height="637" frameX="-2" frameY="-6" frameWidth="703" frameHeight="643"/>
	<SubTexture name="GF Down Note0001" x="4211" y="3275" width="703" height="637" frameX="0" frameY="-6" frameWidth="703" frameHeight="643"/>
	<SubTexture name="GF Down Note0002" x="4914" y="3275" width="703" height="642" frameX="0" frameY="-1" frameWidth="703" frameHeight="643"/>
	<SubTexture name="GF Down Note0003" x="5617" y="3275" width="699" height="642" frameX="-2" frameY="-1" frameWidth="703" frameHeight="643"/>
	<SubTexture name="GF Down Note0004" x="6316" y="3275" width="699" height="643" frameX="-2" frameY="0" frameWidth="703" frameHeight="643"/>
	<SubTexture name="GF Down Note0005" x="6316" y="3275" width="699" height="643" frameX="-2" frameY="0" frameWidth="703" frameHeight="643"/>
	<SubTexture name="GF Down Note0006" x="6316" y="3275" width="699" height="643" frameX="-2" frameY="0" frameWidth="703" frameHeight="643"/>
	<SubTexture name="GF Down Note0007" x="6316" y="3275" width="699" height="643" frameX="-2" frameY="0" frameWidth="703" frameHeight="643"/>
	<SubTexture name="GF Down Note0008" x="6316" y="3275" width="699" height="643" frameX="-2" frameY="0" frameWidth="703" frameHeight="643"/>
	<SubTexture name="GF Down Note0009" x="6316" y="3275" width="699" height="643" frameX="-2" frameY="0" frameWidth="703" frameHeight="643"/>
	<SubTexture name="GF Down Note0010" x="6316" y="3275" width="699" height="643" frameX="-2" frameY="0" frameWidth="703" frameHeight="643"/>
	<SubTexture name="GF Down Note0011" x="6316" y="3275" width="699" height="643" frameX="-2" frameY="0" frameWidth="703" frameHeight="643"/>
	<SubTexture name="GF Down Note0012" x="6316" y="3275" width="699" height="643" frameX="-2" frameY="0" frameWidth="703" frameHeight="643"/>
	<SubTexture name="GF Down Note0013" x="6316" y="3275" width="699" height="643" frameX="-2" frameY="0" frameWidth="703" frameHeight="643"/>
	<SubTexture name="GF Down Note0014" x="6316" y="3275" width="699" height="643" frameX="-2" frameY="0" frameWidth="703" frameHeight="643"/>
	<SubTexture name="GF Down Note0015" x="6316" y="3275" width="699" height="643" frameX="-2" frameY="0" frameWidth="703" frameHeight="643"/>
	<SubTexture name="GF Down Note0016" x="6316" y="3275" width="699" height="643" frameX="-2" frameY="0" frameWidth="703" frameHeight="643"/>
	<SubTexture name="GF Down Note0017" x="6316" y="3275" width="699" height="643" frameX="-2" frameY="0" frameWidth="703" frameHeight="643"/>
	<SubTexture name="GF Down Note0018" x="6316" y="3275" width="699" height="643" frameX="-2" frameY="0" frameWidth="703" frameHeight="643"/>
	<SubTexture name="GF Down Note0019" x="6316" y="3275" width="699" height="643" frameX="-2" frameY="0" frameWidth="703" frameHeight="643"/>
	<SubTexture name="GF FEAR 0000" x="7015" y="3275" width="699" height="646" frameX="0" frameY="-1" frameWidth="699" frameHeight="647"/>
	<SubTexture name="GF FEAR 0001" x="0" y="3928" width="699" height="646" frameX="0" frameY="-1" frameWidth="699" frameHeight="647"/>
	<SubTexture name="GF FEAR 0002" x="699" y="3928" width="699" height="644" frameX="0" frameY="-3" frameWidth="699" frameHeight="647"/>
	<SubTexture name="GF FEAR 0003" x="1398" y="3928" width="699" height="647"/>
	<SubTexture name="GF Right Note0000" x="2097" y="3928" width="699" height="638" frameX="-2" frameY="-5" frameWidth="703" frameHeight="643"/>
	<SubTexture name="GF Right Note0001" x="2796" y="3928" width="703" height="638" frameX="0" frameY="-5" frameWidth="703" frameHeight="643"/>
	<SubTexture name="GF Right Note0002" x="3499" y="3928" width="703" height="643"/>
	<SubTexture name="GF Right Note0003" x="4202" y="3928" width="699" height="643" frameX="-2" frameY="0" frameWidth="703" frameHeight="643"/>
	<SubTexture name="GF Right Note0004" x="4901" y="3928" width="699" height="643" frameX="-2" frameY="0" frameWidth="703" frameHeight="643"/>
	<SubTexture name="GF Right Note0005" x="5600" y="3928" width="699" height="643" frameX="-2" frameY="0" frameWidth="703" frameHeight="643"/>
	<SubTexture name="GF Right Note0006" x="6299" y="3928" width="699" height="643" frameX="-2" frameY="0" frameWidth="703" frameHeight="643"/>
	<SubTexture name="GF Right Note0007" x="6299" y="3928" width="699" height="643" frameX="-2" frameY="0" frameWidth="703" frameHeight="643"/>
	<SubTexture name="GF Right Note0008" x="6998" y="3928" width="699" height="643" frameX="-2" frameY="0" frameWidth="703" frameHeight="643"/>
	<SubTexture name="GF Right Note0009" x="6998" y="3928" width="699" height="643" frameX="-2" frameY="0" frameWidth="703" frameHeight="643"/>
	<SubTexture name="GF Right Note0010" x="6998" y="3928" width="699" height="643" frameX="-2" frameY="0" frameWidth="703" frameHeight="643"/>
	<SubTexture name="GF Right Note0011" x="6998" y="3928" width="699" height="643" frameX="-2" frameY="0" frameWidth="703" frameHeight="643"/>
	<SubTexture name="GF Right Note0012" x="6998" y="3928" width="699" height="643" frameX="-2" frameY="0" frameWidth="703" frameHeight="643"/>
	<SubTexture name="GF Right Note0013" x="6998" y="3928" width="699" height="643" frameX="-2" frameY="0" frameWidth="703" frameHeight="643"/>
	<SubTexture name="GF Right Note0014" x="6998" y="3928" width="699" height="643" frameX="-2" frameY="0" frameWidth="703" frameHeight="643"/>
	<SubTexture name="GF Up Note0000" x="0" y="4575" width="699" height="667" frameX="-2" frameY="0" frameWidth="703" frameHeight="667"/>
	<SubTexture name="GF Up Note0001" x="699" y="4575" width="703" height="667"/>
	<SubTexture name="GF Up Note0002" x="1402" y="4575" width="703" height="667"/>
	<SubTexture name="GF Up Note0003" x="2105" y="4575" width="699" height="667" frameX="-2" frameY="0" frameWidth="703" frameHeight="667"/>
	<SubTexture name="GF Up Note0004" x="2804" y="4575" width="699" height="667" frameX="-2" frameY="0" frameWidth="703" frameHeight="667"/>
	<SubTexture name="GF Up Note0005" x="2804" y="4575" width="699" height="667" frameX="-2" frameY="0" frameWidth="703" frameHeight="667"/>
	<SubTexture name="GF Up Note0006" x="2804" y="4575" width="699" height="667" frameX="-2" frameY="0" frameWidth="703" frameHeight="667"/>
	<SubTexture name="GF left note0000" x="3503" y="4575" width="699" height="639" frameX="-2" frameY="-5" frameWidth="703" frameHeight="644"/>
	<SubTexture name="GF left note0001" x="4202" y="4575" width="703" height="637" frameX="0" frameY="-7" frameWidth="703" frameHeight="644"/>
	<SubTexture name="GF left note0002" x="4905" y="4575" width="703" height="644"/>
	<SubTexture name="GF left note0003" x="5608" y="4575" width="699" height="644" frameX="-2" frameY="0" frameWidth="703" frameHeight="644"/>
	<SubTexture name="GF left note0004" x="6307" y="4575" width="699" height="644" frameX="-2" frameY="0" frameWidth="703" frameHeight="644"/>
	<SubTexture name="GF left note0005" x="7006" y="4575" width="699" height="644" frameX="-2" frameY="0" frameWidth="703" frameHeight="644"/>
	<SubTexture name="GF left note0006" x="0" y="5242" width="699" height="643" frameX="-2" frameY="-1" frameWidth="703" frameHeight="644"/>
	<SubTexture name="GF left note0007" x="0" y="5242" width="699" height="643" frameX="-2" frameY="-1" frameWidth="703" frameHeight="644"/>
	<SubTexture name="GF left note0008" x="699" y="5242" width="699" height="643" frameX="-2" frameY="-1" frameWidth="703" frameHeight="644"/>
	<SubTexture name="GF left note0009" x="699" y="5242" width="699" height="643" frameX="-2" frameY="-1" frameWidth="703" frameHeight="644"/>
	<SubTexture name="GF left note0010" x="699" y="5242" width="699" height="643" frameX="-2" frameY="-1" frameWidth="703" frameHeight="644"/>
	<SubTexture name="GF left note0011" x="699" y="5242" width="699" height="643" frameX="-2" frameY="-1" frameWidth="703" frameHeight="644"/>
	<SubTexture name="GF left note0012" x="699" y="5242" width="699" height="643" frameX="-2" frameY="-1" frameWidth="703" frameHeight="644"/>
	<SubTexture name="GF left note0013" x="699" y="5242" width="699" height="643" frameX="-2" frameY="-1" frameWidth="703" frameHeight="644"/>
	<SubTexture name="GF left note0014" x="699" y="5242" width="699" height="643" frameX="-2" frameY="-1" frameWidth="703" frameHeight="644"/>
	<SubTexture name="gf sad0000" x="1398" y="5242" width="699" height="639" frameX="0" frameY="-3" frameWidth="699" frameHeight="642"/>
	<SubTexture name="gf sad0001" x="1398" y="5242" width="699" height="639" frameX="0" frameY="-3" frameWidth="699" frameHeight="642"/>
	<SubTexture name="gf sad0002" x="2097" y="5242" width="699" height="642"/>
	<SubTexture name="gf sad0003" x="2097" y="5242" width="699" height="642"/>
	<SubTexture name="gf sad0004" x="2796" y="5242" width="699" height="642"/>
	<SubTexture name="gf sad0005" x="2796" y="5242" width="699" height="642"/>
	<SubTexture name="gf sad0006" x="3495" y="5242" width="699" height="642"/>
	<SubTexture name="gf sad0007" x="3495" y="5242" width="699" height="642"/>
	<SubTexture name="gf sad0008" x="4194" y="5242" width="699" height="642"/>
	<SubTexture name="gf sad0009" x="4194" y="5242" width="699" height="642"/>
	<SubTexture name="gf sad0010" x="2097" y="5242" width="699" height="642"/>
	<SubTexture name="gf sad0011" x="2097" y="5242" width="699" height="642"/>
	<SubTexture name="gf sad0012" x="2796" y="5242" width="699" height="642"/>
	<SubTexture name="gf sad0013" x="2796" y="5242" width="699" height="642"/>
	<SubTexture name="gf sad0014" x="3495" y="5242" width="699" height="642"/>
	<SubTexture name="gf sad0015" x="3495" y="5242" width="699" height="642"/>
	<SubTexture name="gf sad0016" x="4194" y="5242" width="699" height="642"/>
	<SubTexture name="gf sad0017" x="4194" y="5242" width="699" height="642"/>
	<SubTexture name="gf sad0018" x="2097" y="5242" width="699" height="642"/>
	<SubTexture name="gf sad0019" x="2097" y="5242" width="699" height="642"/>
	<SubTexture name="gf sad0020" x="2796" y="5242" width="699" height="642"/>
	<SubTexture name="gf sad0021" x="2796" y="5242" width="699" height="642"/>
	<SubTexture name="gf sad0022" x="3495" y="5242" width="699" height="642"/>
	<SubTexture name="gf sad0023" x="3495" y="5242" width="699" height="642"/>
	<SubTexture name="gf sad0024" x="4194" y="5242" width="699" height="642"/>
	<SubTexture name="gf sad0025" x="4194" y="5242" width="699" height="642"/>
	<SubTexture name="gf sad0026" x="2097" y="5242" width="699" height="642"/>
	<SubTexture name="gf sad0027" x="2097" y="5242" width="699" height="642"/>
	<SubTexture name="gf sad0028" x="2796" y="5242" width="699" height="642"/>
	<SubTexture name="gf sad0029" x="2796" y="5242" width="699" height="642"/>
	<SubTexture name="gf sad0030" x="3495" y="5242" width="699" height="642"/>
	<SubTexture name="gf sad0031" x="3495" y="5242" width="699" height="642"/>
	<SubTexture name="gf sad0032" x="4194" y="5242" width="699" height="642"/>
	<SubTexture name="gf sad0033" x="4194" y="5242" width="699" height="642"/>
	<SubTexture name="gf sad0034" x="2097" y="5242" width="699" height="642"/>
	<SubTexture name="gf sad0035" x="2097" y="5242" width="699" height="642"/>
	<SubTexture name="gf sad0036" x="2796" y="5242" width="699" height="642"/>
	<SubTexture name="gf sad0037" x="2796" y="5242" width="699" height="642"/>
	<SubTexture name="gf sad0038" x="3495" y="5242" width="699" height="642"/>
	<SubTexture name="gf sad0039" x="3495" y="5242" width="699" height="642"/>
	<SubTexture name="gf sad0040" x="4194" y="5242" width="699" height="642"/>
	<SubTexture name="gf sad0041" x="4194" y="5242" width="699" height="642"/>
	<SubTexture name="gf sad0042" x="2097" y="5242" width="699" height="642"/>
	<SubTexture name="gf sad0043" x="2097" y="5242" width="699" height="642"/>
	<SubTexture name="gf sad0044" x="2796" y="5242" width="699" height="642"/>
	<SubTexture name="gf sad0045" x="2796" y="5242" width="699" height="642"/>
	<SubTexture name="gf sad0046" x="3495" y="5242" width="699" height="642"/>
	<SubTexture name="gf sad0047" x="3495" y="5242" width="699" height="642"/>
	<SubTexture name="gf sad0048" x="4194" y="5242" width="699" height="642"/>
	<SubTexture name="gf sad0049" x="4194" y="5242" width="699" height="642"/>
	<SubTexture name="gf sad0050" x="2097" y="5242" width="699" height="642"/>
	<SubTexture name="gf sad0051" x="2097" y="5242" width="699" height="642"/>
	<SubTexture name="gf sad0052" x="2796" y="5242" width="699" height="642"/>
	<SubTexture name="gf sad0053" x="2796" y="5242" width="699" height="642"/>
	<SubTexture name="gf sad0054" x="3495" y="5242" width="699" height="642"/>
	<SubTexture name="gf sad0055" x="3495" y="5242" width="699" height="642"/>
	<SubTexture name="gf sad0056" x="4194" y="5242" width="699" height="642"/>
	<SubTexture name="gf sad0057" x="4194" y="5242" width="699" height="642"/>
	<SubTexture name="gf sad0058" x="2097" y="5242" width="699" height="642"/>
	<SubTexture name="gf sad0059" x="2097" y="5242" width="699" height="642"/>
	<SubTexture name="gf sad0060" x="2796" y="5242" width="699" height="642"/>
	<SubTexture name="gf sad0061" x="2796" y="5242" width="699" height="642"/>
	<SubTexture name="gf sad0062" x="3495" y="5242" width="699" height="642"/>
	<SubTexture name="gf sad0063" x="3495" y="5242" width="699" height="642"/>
	<SubTexture name="gf sad0064" x="4194" y="5242" width="699" height="642"/>
	<SubTexture name="gf sad0065" x="4194" y="5242" width="699" height="642"/>
	<SubTexture name="gf sad0066" x="2097" y="5242" width="699" height="642"/>
	<SubTexture name="gf sad0067" x="2097" y="5242" width="699" height="642"/>
	<SubTexture name="gf sad0068" x="2796" y="5242" width="699" height="642"/>
	<SubTexture name="gf sad0069" x="2796" y="5242" width="699" height="642"/>
	<SubTexture name="gf sad0070" x="3495" y="5242" width="699" height="642"/>
	<SubTexture name="gf sad0071" x="3495" y="5242" width="699" height="642"/>
	<SubTexture name="gf sad0072" x="4194" y="5242" width="699" height="642"/>
	<SubTexture name="gf sad0073" x="4194" y="5242" width="699" height="642"/>
	<SubTexture name="gf sad0074" x="2097" y="5242" width="699" height="642"/>
	<SubTexture name="gf sad0075" x="2097" y="5242" width="699" height="642"/>
	<SubTexture name="gf sad0076" x="2796" y="5242" width="699" height="642"/>
	<SubTexture name="gf sad0077" x="2796" y="5242" width="699" height="642"/>
	<SubTexture name="gf sad0078" x="3495" y="5242" width="699" height="642"/>
	<SubTexture name="gf sad0079" x="3495" y="5242" width="699" height="642"/>
</TextureAtlas>
