{"song":{"player1":"bf","notes":[{"typeOfSection":0,"lengthInSteps":16,"sectionNotes":[],"mustHitSection":true},{"typeOfSection":0,"lengthInSteps":16,"sectionNotes":[],"mustHitSection":true},{"typeOfSection":0,"lengthInSteps":16,"sectionNotes":[],"mustHitSection":true},{"typeOfSection":0,"lengthInSteps":16,"sectionNotes":[],"mustHitSection":true},{"typeOfSection":0,"lengthInSteps":16,"sectionNotes":[],"mustHitSection":true},{"typeOfSection":0,"lengthInSteps":16,"sectionNotes":[],"mustHitSection":true},{"typeOfSection":0,"lengthInSteps":16,"sectionNotes":[],"mustHitSection":true},{"typeOfSection":0,"lengthInSteps":16,"sectionNotes":[],"mustHitSection":true},{"typeOfSection":0,"lengthInSteps":16,"sectionNotes":[[9600,3,0],[9750,0,0],[9900,2,0],[10500,0,0],[10200,2,166.666666666667]],"altAnim":false,"mustHitSection":false},{"typeOfSection":0,"lengthInSteps":16,"sectionNotes":[[10800,1,0],[10950,3,0],[11100,0,0],[11400,1,0],[11550,0,0]],"mustHitSection":false},{"typeOfSection":0,"lengthInSteps":16,"sectionNotes":[[12000,3,0],[12150,0,0],[12300,2,0],[12600,2,166.666666666667],[12900,0,0]],"mustHitSection":true},{"typeOfSection":0,"lengthInSteps":16,"sectionNotes":[[13200,1,0],[13350,3,0],[13500,0,0],[13800,1,0],[13950,0,0]],"mustHitSection":true},{"typeOfSection":0,"lengthInSteps":16,"sectionNotes":[[14400,3,0],[14700,0,0],[14850,2,0],[15000,1,0],[15300,1,0]],"mustHitSection":false},{"typeOfSection":0,"lengthInSteps":16,"sectionNotes":[[15600,0,0],[15750,2,0],[15900,0,0],[16200,3,0],[16350,0,0],[16500,3,187.5]],"mustHitSection":false},{"typeOfSection":0,"lengthInSteps":16,"sectionNotes":[[16800,3,0],[17100,0,0],[17250,2,0],[17400,1,0],[17700,1,0]],"mustHitSection":true},{"typeOfSection":0,"lengthInSteps":16,"sectionNotes":[[18000,0,0],[18150,2,0],[18300,0,0],[18600,3,0],[18750,0,0],[18900,3,187.5]],"mustHitSection":true},{"typeOfSection":0,"lengthInSteps":16,"sectionNotes":[[19200,3,0],[19500,3,0],[19800,2,0],[19950,1,0],[20100,2,187.5]],"mustHitSection":false},{"typeOfSection":0,"lengthInSteps":16,"sectionNotes":[[20400,0,0],[20700,1,0],[20850,3,0],[21000,0,0],[21300,2,0],[21450,0,0]],"mustHitSection":false},{"typeOfSection":0,"lengthInSteps":16,"sectionNotes":[[21600,7,0],[21900,7,0],[22200,6,0],[22350,5,0],[22500,6,187.5]],"mustHitSection":false},{"typeOfSection":0,"lengthInSteps":16,"sectionNotes":[[22800,4,0],[23100,5,0],[23250,7,0],[23400,4,0],[23700,6,0],[23850,4,0]],"mustHitSection":false},{"typeOfSection":0,"lengthInSteps":16,"sectionNotes":[[24000,6,0],[24150,4,0],[24450,7,0],[25050,4,0],[24600,5,0],[24750,6,0]],"mustHitSection":true},{"typeOfSection":0,"lengthInSteps":16,"sectionNotes":[[25200,5,0],[25500,4,0],[25650,7,0],[25800,5,0],[26100,5,187.5]],"mustHitSection":true},{"typeOfSection":0,"lengthInSteps":16,"sectionNotes":[[26400,2,0],[26550,0,0],[26850,3,0],[27450,0,0],[27000,1,0],[27150,2,0]],"mustHitSection":true},{"typeOfSection":0,"lengthInSteps":16,"sectionNotes":[[27600,1,0],[27900,0,0],[28050,3,0],[28200,1,0],[28500,1,187.5]],"mustHitSection":true},{"typeOfSection":0,"lengthInSteps":16,"sectionNotes":[[29100,0,0],[29400,1,150],[29700,3,150]],"mustHitSection":false},{"typeOfSection":0,"lengthInSteps":16,"sectionNotes":[[30000,1,0],[30300,0,0],[30600,0,225],[30900,1,225],[30450,2,0]],"mustHitSection":false},{"typeOfSection":0,"lengthInSteps":16,"sectionNotes":[[31200,3,225],[31500,0,225],[31800,2,225],[32100,1,225]],"mustHitSection":false},{"typeOfSection":0,"lengthInSteps":16,"sectionNotes":[[32400,3,225],[32700,1,225],[33000,3,225],[33300,0,225]],"mustHitSection":false},{"typeOfSection":0,"lengthInSteps":16,"sectionNotes":[[33900,3,0],[34050,0,0],[34350,1,0]],"mustHitSection":false},{"typeOfSection":0,"lengthInSteps":16,"sectionNotes":[[34800,3,225],[35100,1,225],[35400,2,225],[35700,1,225]],"mustHitSection":false},{"typeOfSection":0,"lengthInSteps":16,"sectionNotes":[[36000,3,225],[36600,2,225],[36900,1,225],[36300,3,225]],"mustHitSection":false},{"typeOfSection":0,"lengthInSteps":16,"sectionNotes":[[37200,1,225],[37500,3,225],[37800,0,225],[38100,2,225]],"mustHitSection":false},{"typeOfSection":0,"lengthInSteps":16,"sectionNotes":[[38700,0,0],[39000,1,150],[39300,3,150]],"mustHitSection":true},{"typeOfSection":0,"lengthInSteps":16,"sectionNotes":[[39600,1,0],[39750,2,0],[39900,0,0],[40200,0,225],[40500,1,225]],"mustHitSection":true},{"typeOfSection":0,"lengthInSteps":16,"sectionNotes":[[40800,3,225],[41100,0,225],[41400,2,225],[41700,1,225]],"mustHitSection":true},{"typeOfSection":0,"lengthInSteps":16,"sectionNotes":[[42000,3,225],[42300,1,225],[42600,3,225],[42900,0,225]],"mustHitSection":true},{"typeOfSection":0,"lengthInSteps":16,"sectionNotes":[[43500,3,0],[43650,0,0],[43950,1,0]],"mustHitSection":true},{"typeOfSection":0,"lengthInSteps":16,"sectionNotes":[[44400,3,225],[44700,1,225],[45000,2,225],[45300,1,225]],"mustHitSection":true},{"typeOfSection":0,"lengthInSteps":16,"sectionNotes":[[45600,3,225],[45900,3,225],[46200,2,225],[46500,1,225]],"mustHitSection":true},{"typeOfSection":0,"lengthInSteps":16,"sectionNotes":[[46800,1,225],[47100,3,225],[47400,0,225],[47700,2,225]],"mustHitSection":true},{"typeOfSection":0,"lengthInSteps":16,"sectionNotes":[[48000,3,150],[48300,1,0],[48450,2,0],[48600,0,225],[49050,1,0]],"mustHitSection":false},{"typeOfSection":0,"lengthInSteps":16,"sectionNotes":[[49200,1,225],[49500,3,225],[49800,1,225],[50100,2,225]],"mustHitSection":false},{"typeOfSection":0,"lengthInSteps":16,"sectionNotes":[[50400,7,225],[50700,7,225],[51000,6,225],[51300,4,225]],"mustHitSection":true},{"typeOfSection":0,"lengthInSteps":16,"sectionNotes":[[51600,5,0],[51900,6,0],[52200,7,225],[52500,5,225],[52050,5,0]],"mustHitSection":true},{"typeOfSection":0,"lengthInSteps":16,"sectionNotes":[[52800,7,150],[53100,5,0],[53250,6,0],[53400,4,225],[53850,5,0]],"mustHitSection":false},{"typeOfSection":0,"lengthInSteps":16,"sectionNotes":[[54000,5,225],[54300,7,225],[54600,5,225],[54900,6,225]],"mustHitSection":false},{"typeOfSection":0,"lengthInSteps":16,"sectionNotes":[[55200,3,225],[55500,3,225],[55800,2,225],[56100,0,225]],"mustHitSection":true},{"typeOfSection":0,"lengthInSteps":16,"sectionNotes":[[56400,1,0],[56700,2,0],[56850,1,0],[57000,3,225],[57300,1,225]],"mustHitSection":true},{"typeOfSection":0,"lengthInSteps":16,"sectionNotes":[[57600,3,0],[58350,1,0],[58500,2,187.5],[57600,4,225],[57900,6,0],[58350,5,0],[58500,6,225],[57900,3,0],[58050,4,0],[58200,2,0]],"mustHitSection":false},{"typeOfSection":0,"lengthInSteps":16,"sectionNotes":[[58800,0,0],[59250,3,0],[59400,0,0],[59700,2,0],[59850,0,0],[58800,4,0],[58950,7,0],[59100,4,0],[59100,1,0],[59250,6,0],[59400,5,0],[59700,7,0]],"mustHitSection":false},{"typeOfSection":0,"lengthInSteps":16,"sectionNotes":[[60000,7,0],[60300,7,0],[60750,5,0],[60900,6,187.5],[60000,0,225],[60300,2,0],[60750,1,0],[60900,2,225],[60450,0,0],[60600,6,0]],"mustHitSection":false},{"typeOfSection":0,"lengthInSteps":16,"sectionNotes":[[61200,4,0],[61500,5,0],[61650,7,0],[61800,4,0],[61950,5,0],[62100,6,0],[61200,0,0],[61500,0,0],[61650,2,0],[61800,1,0],[61950,2,0],[62100,3,0]],"mustHitSection":false},{"typeOfSection":0,"lengthInSteps":16,"sectionNotes":[[62400,0,225],[62700,2,0],[62850,0,0],[63300,2,225],[62400,6,0],[62550,4,0],[63300,6,0],[62850,7,0],[63000,5,0],[63000,2,0],[63150,6,0]],"mustHitSection":true},{"typeOfSection":0,"lengthInSteps":16,"sectionNotes":[[63600,0,0],[63750,3,0],[63900,0,0],[64050,2,0],[64350,2,0],[64650,3,0],[63600,5,0],[63750,6,0],[63900,4,0],[64050,7,0],[64500,5,150],[64200,5,0]],"mustHitSection":true},{"typeOfSection":0,"lengthInSteps":16,"sectionNotes":[[64800,4,225],[65100,6,0],[65250,4,0],[65550,5,0],[64800,2,0],[64950,0,0],[65250,3,0],[65700,6,225],[65400,1,0],[65550,2,0],[65400,6,0]],"mustHitSection":true},{"typeOfSection":0,"lengthInSteps":16,"sectionNotes":[[66000,4,0],[66150,7,0],[66300,4,0],[66450,6,0],[66750,6,0],[66900,5,0],[66000,1,0],[66150,2,0],[66300,0,0],[66450,3,0],[66900,1,187.5],[66750,1,0],[66600,5,0]],"mustHitSection":true},{"typeOfSection":0,"lengthInSteps":16,"sectionNotes":[[67200,3,0],[67350,0,0],[67500,2,0],[67800,2,187.5],[68100,0,0]],"mustHitSection":false},{"typeOfSection":0,"lengthInSteps":16,"sectionNotes":[[68400,1,0],[68550,3,0],[68700,0,0],[69000,1,0],[69150,0,0]],"mustHitSection":false},{"typeOfSection":0,"lengthInSteps":16,"sectionNotes":[[69600,3,0],[69750,0,0],[69900,2,0],[70200,2,187.5],[70500,0,0]],"mustHitSection":true},{"typeOfSection":0,"lengthInSteps":16,"sectionNotes":[[70800,1,0],[70950,3,0],[71100,0,0],[71400,1,0],[71550,0,0]],"mustHitSection":true},{"typeOfSection":0,"lengthInSteps":16,"sectionNotes":[[72000,3,225],[72600,3,225],[72900,0,225]],"mustHitSection":false},{"typeOfSection":0,"lengthInSteps":16,"sectionNotes":[[73200,2,225],[73500,0,225],[73800,2,0],[74100,3,0],[74250,1,0]],"mustHitSection":false},{"lengthInSteps":16,"sectionNotes":[[74400,3,225],[75000,3,225],[75300,0,225]],"typeOfSection":0,"mustHitSection":true,"changeBPM":false,"bpm":180},{"lengthInSteps":16,"sectionNotes":[[75600,2,225],[75900,0,225],[76200,2,0],[76500,3,0],[76650,1,0]],"typeOfSection":0,"mustHitSection":true,"changeBPM":false,"bpm":180},{"lengthInSteps":16,"sectionNotes":[],"typeOfSection":0,"mustHitSection":true,"changeBPM":false,"bpm":180},{"lengthInSteps":16,"sectionNotes":[],"typeOfSection":0,"mustHitSection":true,"changeBPM":false,"bpm":180},{"lengthInSteps":16,"sectionNotes":[],"typeOfSection":0,"mustHitSection":true,"changeBPM":false,"bpm":180},{"lengthInSteps":16,"sectionNotes":[],"typeOfSection":0,"mustHitSection":true,"changeBPM":false,"bpm":180},{"lengthInSteps":16,"sectionNotes":[],"typeOfSection":0,"mustHitSection":true,"changeBPM":false,"bpm":180},{"sectionNotes":[],"typeOfSection":0,"lengthInSteps":16,"altAnim":false,"mustHitSection":true,"changeBPM":false,"bpm":180},{"sectionNotes":[],"typeOfSection":0,"lengthInSteps":16,"altAnim":false,"mustHitSection":true,"changeBPM":false,"bpm":291},{"sectionNotes":[],"typeOfSection":0,"lengthInSteps":16,"altAnim":false,"mustHitSection":true,"changeBPM":false,"bpm":339},{"sectionNotes":[],"typeOfSection":0,"lengthInSteps":16,"altAnim":false,"mustHitSection":true,"changeBPM":false,"bpm":339},{"sectionNotes":[],"typeOfSection":0,"lengthInSteps":16,"altAnim":false,"mustHitSection":true,"changeBPM":false,"bpm":339},{"sectionNotes":[],"typeOfSection":0,"lengthInSteps":16,"altAnim":false,"mustHitSection":true,"changeBPM":false,"bpm":339},{"sectionNotes":[],"typeOfSection":0,"lengthInSteps":16,"altAnim":false,"mustHitSection":true,"changeBPM":false,"bpm":339},{"sectionNotes":[],"typeOfSection":0,"lengthInSteps":16,"altAnim":false,"mustHitSection":true,"changeBPM":false,"bpm":339},{"sectionNotes":[],"typeOfSection":0,"lengthInSteps":16,"altAnim":false,"mustHitSection":true,"changeBPM":false,"bpm":339},{"sectionNotes":[],"typeOfSection":0,"lengthInSteps":16,"altAnim":false,"mustHitSection":true,"changeBPM":false,"bpm":339},{"sectionNotes":[],"typeOfSection":0,"lengthInSteps":16,"altAnim":false,"mustHitSection":true,"changeBPM":false,"bpm":339},{"sectionNotes":[],"typeOfSection":0,"lengthInSteps":16,"altAnim":false,"mustHitSection":true,"changeBPM":false,"bpm":339},{"sectionNotes":[],"typeOfSection":0,"lengthInSteps":16,"altAnim":false,"mustHitSection":true,"changeBPM":false,"bpm":339},{"sectionNotes":[],"typeOfSection":0,"lengthInSteps":16,"altAnim":false,"mustHitSection":true,"changeBPM":false,"bpm":339},{"sectionNotes":[],"typeOfSection":0,"lengthInSteps":16,"altAnim":false,"mustHitSection":true,"changeBPM":false,"bpm":339},{"sectionNotes":[],"typeOfSection":0,"lengthInSteps":16,"altAnim":false,"mustHitSection":true,"changeBPM":false,"bpm":339},{"sectionNotes":[],"typeOfSection":0,"lengthInSteps":16,"altAnim":false,"mustHitSection":true,"changeBPM":false,"bpm":339},{"sectionNotes":[],"typeOfSection":0,"lengthInSteps":16,"altAnim":false,"mustHitSection":true,"changeBPM":false,"bpm":339},{"sectionNotes":[],"typeOfSection":0,"lengthInSteps":16,"altAnim":false,"mustHitSection":true,"changeBPM":false,"bpm":339},{"sectionNotes":[],"typeOfSection":0,"lengthInSteps":16,"altAnim":false,"mustHitSection":true,"changeBPM":false,"bpm":339},{"sectionNotes":[],"typeOfSection":0,"lengthInSteps":16,"altAnim":false,"mustHitSection":true,"changeBPM":false,"bpm":339},{"sectionNotes":[],"typeOfSection":0,"lengthInSteps":16,"altAnim":false,"mustHitSection":true,"changeBPM":false,"bpm":339},{"sectionNotes":[],"typeOfSection":0,"lengthInSteps":16,"altAnim":false,"mustHitSection":true,"changeBPM":false,"bpm":339},{"sectionNotes":[],"typeOfSection":0,"lengthInSteps":16,"altAnim":false,"mustHitSection":true,"changeBPM":false,"bpm":339},{"sectionNotes":[],"typeOfSection":0,"lengthInSteps":16,"altAnim":false,"mustHitSection":true,"changeBPM":false,"bpm":339},{"sectionNotes":[],"typeOfSection":0,"lengthInSteps":16,"altAnim":false,"mustHitSection":true,"changeBPM":false,"bpm":339},{"sectionNotes":[],"typeOfSection":0,"lengthInSteps":16,"altAnim":false,"mustHitSection":true,"changeBPM":false,"bpm":339},{"sectionNotes":[],"typeOfSection":0,"lengthInSteps":16,"altAnim":false,"mustHitSection":true,"changeBPM":false,"bpm":339},{"sectionNotes":[],"typeOfSection":0,"lengthInSteps":16,"altAnim":false,"mustHitSection":true,"changeBPM":false,"bpm":339},{"sectionNotes":[],"typeOfSection":0,"lengthInSteps":16,"altAnim":false,"mustHitSection":true,"changeBPM":false,"bpm":339},{"sectionNotes":[],"typeOfSection":0,"lengthInSteps":16,"altAnim":false,"mustHitSection":true,"changeBPM":false,"bpm":339},{"sectionNotes":[],"typeOfSection":0,"lengthInSteps":16,"altAnim":false,"mustHitSection":true,"changeBPM":false,"bpm":339},{"sectionNotes":[],"typeOfSection":0,"lengthInSteps":16,"altAnim":false,"mustHitSection":true,"changeBPM":false,"bpm":339},{"sectionNotes":[],"typeOfSection":0,"lengthInSteps":16,"altAnim":false,"mustHitSection":true,"changeBPM":false,"bpm":339},{"sectionNotes":[],"typeOfSection":0,"lengthInSteps":16,"altAnim":false,"mustHitSection":true,"changeBPM":false,"bpm":339},{"sectionNotes":[],"typeOfSection":0,"lengthInSteps":16,"altAnim":false,"mustHitSection":true,"changeBPM":false,"bpm":339},{"sectionNotes":[],"typeOfSection":0,"lengthInSteps":16,"altAnim":false,"mustHitSection":true,"changeBPM":false,"bpm":339},{"sectionNotes":[],"typeOfSection":0,"lengthInSteps":16,"altAnim":false,"mustHitSection":true,"changeBPM":false,"bpm":339},{"sectionNotes":[],"typeOfSection":0,"lengthInSteps":16,"altAnim":false,"mustHitSection":true,"changeBPM":false,"bpm":339},{"sectionNotes":[],"typeOfSection":0,"lengthInSteps":16,"altAnim":false,"mustHitSection":true,"changeBPM":false,"bpm":339},{"sectionNotes":[],"typeOfSection":0,"lengthInSteps":16,"altAnim":false,"mustHitSection":true,"changeBPM":false,"bpm":339},{"sectionNotes":[],"typeOfSection":0,"lengthInSteps":16,"altAnim":false,"mustHitSection":true,"changeBPM":false,"bpm":339},{"sectionNotes":[],"typeOfSection":0,"lengthInSteps":16,"altAnim":false,"mustHitSection":true,"changeBPM":false,"bpm":339},{"sectionNotes":[],"typeOfSection":0,"lengthInSteps":16,"altAnim":false,"mustHitSection":true,"changeBPM":false,"bpm":339},{"sectionNotes":[],"typeOfSection":0,"lengthInSteps":16,"altAnim":false,"mustHitSection":true,"changeBPM":false,"bpm":339},{"sectionNotes":[],"typeOfSection":0,"lengthInSteps":16,"altAnim":false,"mustHitSection":true,"changeBPM":false,"bpm":339},{"sectionNotes":[],"typeOfSection":0,"lengthInSteps":16,"altAnim":false,"mustHitSection":true,"changeBPM":false,"bpm":339},{"sectionNotes":[],"typeOfSection":0,"lengthInSteps":16,"altAnim":false,"mustHitSection":true,"changeBPM":false,"bpm":339},{"sectionNotes":[],"typeOfSection":0,"lengthInSteps":16,"altAnim":false,"mustHitSection":true,"changeBPM":false,"bpm":339},{"sectionNotes":[],"typeOfSection":0,"lengthInSteps":16,"altAnim":false,"mustHitSection":true,"changeBPM":false,"bpm":339},{"sectionNotes":[],"typeOfSection":0,"lengthInSteps":16,"altAnim":false,"mustHitSection":true,"changeBPM":false,"bpm":339},{"sectionNotes":[],"typeOfSection":0,"lengthInSteps":16,"altAnim":false,"mustHitSection":true,"changeBPM":false,"bpm":339},{"sectionNotes":[],"typeOfSection":0,"lengthInSteps":16,"altAnim":false,"mustHitSection":true,"changeBPM":false,"bpm":339},{"sectionNotes":[],"typeOfSection":0,"lengthInSteps":16,"altAnim":false,"mustHitSection":true,"changeBPM":false,"bpm":339},{"sectionNotes":[],"typeOfSection":0,"lengthInSteps":16,"altAnim":false,"mustHitSection":true,"changeBPM":false,"bpm":339},{"sectionNotes":[],"typeOfSection":0,"lengthInSteps":16,"altAnim":false,"mustHitSection":true,"changeBPM":false,"bpm":339},{"sectionNotes":[],"typeOfSection":0,"lengthInSteps":16,"altAnim":false,"mustHitSection":true,"changeBPM":false,"bpm":339},{"sectionNotes":[],"typeOfSection":0,"lengthInSteps":16,"altAnim":false,"mustHitSection":true,"changeBPM":false,"bpm":339},{"sectionNotes":[],"typeOfSection":0,"lengthInSteps":16,"altAnim":false,"mustHitSection":true,"changeBPM":false,"bpm":339},{"sectionNotes":[],"typeOfSection":0,"lengthInSteps":16,"altAnim":false,"mustHitSection":true,"changeBPM":false,"bpm":339},{"sectionNotes":[],"typeOfSection":0,"lengthInSteps":16,"altAnim":false,"mustHitSection":true,"changeBPM":false,"bpm":339},{"sectionNotes":[],"typeOfSection":0,"lengthInSteps":16,"altAnim":false,"mustHitSection":true,"changeBPM":false,"bpm":339},{"sectionNotes":[],"typeOfSection":0,"lengthInSteps":16,"altAnim":false,"mustHitSection":true,"changeBPM":false,"bpm":21},{"sectionNotes":[],"typeOfSection":0,"lengthInSteps":16,"altAnim":false,"mustHitSection":true,"changeBPM":false,"bpm":21},{"sectionNotes":[],"typeOfSection":0,"lengthInSteps":16,"altAnim":false,"mustHitSection":true,"changeBPM":false,"bpm":201},{"sectionNotes":[],"typeOfSection":0,"lengthInSteps":16,"altAnim":false,"mustHitSection":true,"changeBPM":false,"bpm":200},{"sectionNotes":[],"typeOfSection":0,"lengthInSteps":16,"altAnim":false,"mustHitSection":true,"changeBPM":false,"bpm":200},{"sectionNotes":[],"typeOfSection":0,"lengthInSteps":16,"altAnim":false,"mustHitSection":true,"changeBPM":false,"bpm":200},{"sectionNotes":[],"typeOfSection":0,"lengthInSteps":16,"altAnim":false,"mustHitSection":true,"changeBPM":false,"bpm":200},{"sectionNotes":[],"typeOfSection":0,"lengthInSteps":16,"altAnim":false,"mustHitSection":true,"changeBPM":false,"bpm":200},{"sectionNotes":[],"typeOfSection":0,"lengthInSteps":16,"altAnim":false,"mustHitSection":true,"changeBPM":false,"bpm":200},{"sectionNotes":[],"typeOfSection":0,"lengthInSteps":16,"altAnim":false,"mustHitSection":true,"changeBPM":false,"bpm":200},{"sectionNotes":[],"typeOfSection":0,"lengthInSteps":16,"altAnim":false,"mustHitSection":true,"changeBPM":false,"bpm":200},{"sectionNotes":[],"typeOfSection":0,"lengthInSteps":16,"altAnim":false,"mustHitSection":true,"changeBPM":false,"bpm":200},{"sectionNotes":[],"typeOfSection":0,"lengthInSteps":16,"altAnim":false,"mustHitSection":true,"changeBPM":false,"bpm":200},{"sectionNotes":[],"typeOfSection":0,"lengthInSteps":16,"altAnim":false,"mustHitSection":true,"changeBPM":false,"bpm":200},{"sectionNotes":[],"typeOfSection":0,"lengthInSteps":16,"altAnim":false,"mustHitSection":true,"changeBPM":false,"bpm":200},{"sectionNotes":[],"typeOfSection":0,"lengthInSteps":16,"altAnim":false,"mustHitSection":true,"changeBPM":false,"bpm":200},{"sectionNotes":[],"typeOfSection":0,"lengthInSteps":16,"altAnim":false,"mustHitSection":true,"changeBPM":false,"bpm":200},{"sectionNotes":[],"typeOfSection":0,"lengthInSteps":16,"altAnim":false,"mustHitSection":true,"changeBPM":false,"bpm":200},{"sectionNotes":[],"typeOfSection":0,"lengthInSteps":16,"altAnim":false,"mustHitSection":true,"changeBPM":false,"bpm":200},{"sectionNotes":[],"typeOfSection":0,"lengthInSteps":16,"altAnim":false,"mustHitSection":true,"changeBPM":false,"bpm":200},{"sectionNotes":[],"typeOfSection":0,"lengthInSteps":16,"altAnim":false,"mustHitSection":true,"changeBPM":false,"bpm":200},{"sectionNotes":[],"typeOfSection":0,"lengthInSteps":16,"altAnim":false,"mustHitSection":true,"changeBPM":false,"bpm":200},{"sectionNotes":[],"typeOfSection":0,"lengthInSteps":16,"altAnim":false,"mustHitSection":true,"changeBPM":false,"bpm":200},{"sectionNotes":[],"typeOfSection":0,"lengthInSteps":16,"altAnim":false,"mustHitSection":true,"changeBPM":false,"bpm":200},{"sectionNotes":[],"typeOfSection":0,"lengthInSteps":16,"altAnim":false,"mustHitSection":true,"changeBPM":false,"bpm":200},{"sectionNotes":[],"typeOfSection":0,"lengthInSteps":16,"altAnim":false,"mustHitSection":true,"changeBPM":false,"bpm":200},{"sectionNotes":[],"typeOfSection":0,"lengthInSteps":16,"altAnim":false,"mustHitSection":true,"changeBPM":false,"bpm":200},{"sectionNotes":[],"typeOfSection":0,"lengthInSteps":16,"altAnim":false,"mustHitSection":true,"changeBPM":false,"bpm":200},{"sectionNotes":[],"typeOfSection":0,"lengthInSteps":16,"altAnim":false,"mustHitSection":true,"changeBPM":false,"bpm":200},{"sectionNotes":[],"typeOfSection":0,"lengthInSteps":16,"altAnim":false,"mustHitSection":true,"changeBPM":false,"bpm":200},{"sectionNotes":[],"typeOfSection":0,"lengthInSteps":16,"altAnim":false,"mustHitSection":true,"changeBPM":false,"bpm":200},{"sectionNotes":[],"typeOfSection":0,"lengthInSteps":16,"altAnim":false,"mustHitSection":true,"changeBPM":false,"bpm":200},{"sectionNotes":[],"typeOfSection":0,"lengthInSteps":16,"altAnim":false,"mustHitSection":true,"changeBPM":false,"bpm":200},{"sectionNotes":[],"typeOfSection":0,"lengthInSteps":16,"altAnim":false,"mustHitSection":true,"changeBPM":false,"bpm":200},{"sectionNotes":[],"typeOfSection":0,"lengthInSteps":16,"altAnim":false,"mustHitSection":true,"changeBPM":false,"bpm":200},{"sectionNotes":[],"typeOfSection":0,"lengthInSteps":16,"altAnim":false,"mustHitSection":true,"changeBPM":false,"bpm":200},{"sectionNotes":[],"typeOfSection":0,"lengthInSteps":16,"altAnim":false,"mustHitSection":true,"changeBPM":false,"bpm":200},{"sectionNotes":[],"typeOfSection":0,"lengthInSteps":16,"altAnim":false,"mustHitSection":true,"changeBPM":false,"bpm":200},{"sectionNotes":[],"typeOfSection":0,"lengthInSteps":16,"altAnim":false,"mustHitSection":true,"changeBPM":false,"bpm":200},{"sectionNotes":[],"typeOfSection":0,"lengthInSteps":16,"altAnim":false,"mustHitSection":true,"changeBPM":false,"bpm":200},{"sectionNotes":[],"typeOfSection":0,"lengthInSteps":16,"altAnim":false,"mustHitSection":true,"changeBPM":false,"bpm":200},{"sectionNotes":[],"typeOfSection":0,"lengthInSteps":16,"altAnim":false,"mustHitSection":true,"changeBPM":false,"bpm":200},{"sectionNotes":[],"typeOfSection":0,"lengthInSteps":16,"altAnim":false,"mustHitSection":true,"changeBPM":false,"bpm":200},{"sectionNotes":[],"typeOfSection":0,"lengthInSteps":16,"altAnim":false,"mustHitSection":true,"changeBPM":false,"bpm":200},{"sectionNotes":[],"typeOfSection":0,"lengthInSteps":16,"altAnim":false,"mustHitSection":true,"changeBPM":false,"bpm":200},{"sectionNotes":[],"typeOfSection":0,"lengthInSteps":16,"altAnim":false,"mustHitSection":true,"changeBPM":false,"bpm":200},{"sectionNotes":[],"typeOfSection":0,"lengthInSteps":16,"altAnim":false,"mustHitSection":true,"changeBPM":false,"bpm":200},{"sectionNotes":[],"typeOfSection":0,"lengthInSteps":16,"altAnim":false,"mustHitSection":true,"changeBPM":false,"bpm":200},{"sectionNotes":[],"typeOfSection":0,"lengthInSteps":16,"altAnim":false,"mustHitSection":true,"changeBPM":false,"bpm":200},{"sectionNotes":[],"typeOfSection":0,"lengthInSteps":16,"altAnim":false,"mustHitSection":true,"changeBPM":false,"bpm":200},{"sectionNotes":[],"typeOfSection":0,"lengthInSteps":16,"altAnim":false,"mustHitSection":true,"changeBPM":false,"bpm":200},{"sectionNotes":[],"typeOfSection":0,"lengthInSteps":16,"altAnim":false,"mustHitSection":true,"changeBPM":false,"bpm":200},{"sectionNotes":[],"typeOfSection":0,"lengthInSteps":16,"altAnim":false,"mustHitSection":true,"changeBPM":false,"bpm":200},{"sectionNotes":[],"typeOfSection":0,"lengthInSteps":16,"altAnim":false,"mustHitSection":true,"changeBPM":false,"bpm":200},{"sectionNotes":[],"typeOfSection":0,"lengthInSteps":16,"altAnim":false,"mustHitSection":true,"changeBPM":false,"bpm":200},{"sectionNotes":[],"typeOfSection":0,"lengthInSteps":16,"altAnim":false,"mustHitSection":true,"changeBPM":false,"bpm":200},{"sectionNotes":[],"typeOfSection":0,"lengthInSteps":16,"altAnim":false,"mustHitSection":true,"changeBPM":false,"bpm":200},{"sectionNotes":[],"typeOfSection":0,"lengthInSteps":16,"altAnim":false,"mustHitSection":true,"changeBPM":false,"bpm":200},{"sectionNotes":[],"typeOfSection":0,"lengthInSteps":16,"altAnim":false,"mustHitSection":true,"changeBPM":false,"bpm":200},{"sectionNotes":[],"typeOfSection":0,"lengthInSteps":16,"altAnim":false,"mustHitSection":true,"changeBPM":false,"bpm":200},{"sectionNotes":[],"typeOfSection":0,"lengthInSteps":16,"altAnim":false,"mustHitSection":true,"changeBPM":false,"bpm":200},{"sectionNotes":[],"typeOfSection":0,"lengthInSteps":16,"altAnim":false,"mustHitSection":true,"changeBPM":false,"bpm":200},{"sectionNotes":[],"typeOfSection":0,"lengthInSteps":16,"altAnim":false,"mustHitSection":true,"changeBPM":false,"bpm":200},{"sectionNotes":[],"typeOfSection":0,"lengthInSteps":16,"altAnim":false,"mustHitSection":true,"changeBPM":false,"bpm":200},{"sectionNotes":[],"typeOfSection":0,"lengthInSteps":16,"altAnim":false,"mustHitSection":true,"changeBPM":false,"bpm":200},{"sectionNotes":[],"typeOfSection":0,"lengthInSteps":16,"altAnim":false,"mustHitSection":true,"changeBPM":false,"bpm":200},{"sectionNotes":[],"typeOfSection":0,"lengthInSteps":16,"altAnim":false,"mustHitSection":true,"changeBPM":false,"bpm":200},{"sectionNotes":[],"typeOfSection":0,"lengthInSteps":16,"altAnim":false,"mustHitSection":true,"changeBPM":false,"bpm":200},{"sectionNotes":[],"typeOfSection":0,"lengthInSteps":16,"altAnim":false,"mustHitSection":true,"changeBPM":false,"bpm":200},{"sectionNotes":[],"typeOfSection":0,"lengthInSteps":16,"altAnim":false,"mustHitSection":true,"changeBPM":false,"bpm":200},{"sectionNotes":[],"typeOfSection":0,"lengthInSteps":16,"altAnim":false,"mustHitSection":true,"changeBPM":false,"bpm":200},{"sectionNotes":[],"typeOfSection":0,"lengthInSteps":16,"altAnim":false,"mustHitSection":true,"changeBPM":false,"bpm":200},{"lengthInSteps":16,"typeOfSection":0,"sectionNotes":[],"altAnim":false,"bpm":200,"changeBPM":false,"mustHitSection":true},{"sectionNotes":[],"typeOfSection":0,"lengthInSteps":16,"altAnim":false,"mustHitSection":true,"changeBPM":false,"bpm":200},{"lengthInSteps":16,"typeOfSection":0,"sectionNotes":[],"altAnim":false,"bpm":200,"changeBPM":false,"mustHitSection":true},{"sectionNotes":[],"typeOfSection":0,"lengthInSteps":16,"altAnim":false,"mustHitSection":true,"changeBPM":false,"bpm":200},{"lengthInSteps":16,"altAnim":false,"typeOfSection":0,"sectionNotes":[],"bpm":200,"changeBPM":false,"mustHitSection":true}],"player2":"dad","song":"Dadbattle","validScore":true,"sections":45,"needsVoices":true,"speed":1.7,"bpm":200}}