﻿<?xml version="1.0" encoding="utf-8"?>
<TextureAtlas imagePath="halloween_bg.png">
	<!-- Created with Adobe Animate version 21.0.2.37893 -->
	<!-- http://www.adobe.com/products/animate.html -->
	<SubTexture name="halloweem bg0000" x="0" y="0" width="2108" height="1044"/>
	<SubTexture name="halloweem bg lightning strike0000" x="0" y="0" width="2108" height="1044"/>
	<SubTexture name="halloweem bg lightning strike0001" x="0" y="0" width="2108" height="1044"/>
	<SubTexture name="halloweem bg lightning strike0002" x="0" y="1044" width="2108" height="1044"/>
	<SubTexture name="halloweem bg lightning strike0003" x="0" y="0" width="2108" height="1044"/>
	<SubTexture name="halloweem bg lightning strike0004" x="0" y="0" width="2108" height="1044"/>
	<SubTexture name="halloweem bg lightning strike0005" x="0" y="0" width="2108" height="1044"/>
	<SubTexture name="halloweem bg lightning strike0006" x="0" y="0" width="2108" height="1044"/>
	<SubTexture name="halloweem bg lightning strike0007" x="0" y="0" width="2108" height="1044"/>
	<SubTexture name="halloweem bg lightning strike0008" x="0" y="0" width="2108" height="1044"/>
	<SubTexture name="halloweem bg lightning strike0009" x="0" y="0" width="2108" height="1044"/>
	<SubTexture name="halloweem bg lightning strike0010" x="0" y="0" width="2108" height="1044"/>
	<SubTexture name="halloweem bg lightning strike0011" x="0" y="0" width="2108" height="1044"/>
	<SubTexture name="halloweem bg lightning strike0012" x="0" y="0" width="2108" height="1044"/>
	<SubTexture name="halloweem bg lightning strike0013" x="0" y="0" width="2108" height="1044"/>
	<SubTexture name="halloweem bg lightning strike0014" x="0" y="0" width="2108" height="1044"/>
	<SubTexture name="halloweem bg lightning strike0015" x="0" y="0" width="2108" height="1044"/>
	<SubTexture name="halloweem bg lightning strike0016" x="0" y="0" width="2108" height="1044"/>
	<SubTexture name="halloweem bg lightning strike0017" x="0" y="0" width="2108" height="1044"/>
	<SubTexture name="halloweem bg lightning strike0018" x="0" y="0" width="2108" height="1044"/>
	<SubTexture name="halloweem bg lightning strike0019" x="0" y="0" width="2108" height="1044"/>
	<SubTexture name="halloweem bg lightning strike0029" x="0" y="0" width="2108" height="1044"/>
</TextureAtlas>
