{"notes":[{"typeOfSection":0,"lengthInSteps":16,"sectionNotes":[],"mustHitSection":false},{"typeOfSection":0,"lengthInSteps":16,"sectionNotes":[],"mustHitSection":true},{"typeOfSection":0,"lengthInSteps":16,"sectionNotes":[],"mustHitSection":false},{"typeOfSection":0,"lengthInSteps":16,"sectionNotes":[],"mustHitSection":true},{"typeOfSection":0,"lengthInSteps":16,"sectionNotes":[[8000,1,0],[8750,1,0],[8375,1,0],[9250,3,0],[9500,3,0],[9750,0,0]],"mustHitSection":false},{"typeOfSection":0,"lengthInSteps":16,"sectionNotes":[[10000,1,0],[10750,1,0],[10375,1,0],[11125,1,0],[11500,3,0],[11750,0,0]],"mustHitSection":true},{"typeOfSection":0,"lengthInSteps":16,"sectionNotes":[[12000,1,0],[12750,1,0],[12375,1,0],[13500,3,0],[13750,0,0],[13250,3,0]],"mustHitSection":false},{"typeOfSection":0,"lengthInSteps":16,"sectionNotes":[[14000,1,0],[14750,1,0],[14375,1,0],[15250,3,0],[15500,3,0],[15750,0,0]],"mustHitSection":true},{"typeOfSection":0,"lengthInSteps":16,"sectionNotes":[[16000,3,0],[16375,0,0],[16750,2,0],[17125,3,0],[17500,2,0],[17750,1,0]],"mustHitSection":false},{"typeOfSection":0,"lengthInSteps":16,"sectionNotes":[[18000,3,0],[18375,0,0],[18750,2,0],[19125,3,0],[19500,2,0],[19750,1,0]],"mustHitSection":true},{"typeOfSection":0,"lengthInSteps":16,"sectionNotes":[[20500,0,0],[21500,4,0],[20000,2,0],[21000,6,0]],"mustHitSection":false},{"typeOfSection":0,"lengthInSteps":16,"sectionNotes":[[23000,1,0],[23500,3,0],[22000,5,0],[22500,7,0]],"mustHitSection":true},{"typeOfSection":0,"lengthInSteps":16,"sectionNotes":[[24000,5,0],[24750,5,0],[25125,5,0],[25500,7,0],[24375,5,0]],"mustHitSection":false},{"typeOfSection":0,"lengthInSteps":16,"sectionNotes":[[26000,5,0],[26375,5,0],[26750,5,0],[27000,6,0],[27500,5,0]],"mustHitSection":false},{"typeOfSection":0,"lengthInSteps":16,"sectionNotes":[[28000,1,0],[28375,1,0],[28750,1,0],[29125,1,0],[29500,3,0]],"mustHitSection":true},{"typeOfSection":0,"lengthInSteps":16,"sectionNotes":[[30000,1,0],[30375,1,0],[30750,1,0],[31125,1,0],[31375,2,0],[31625,3,0]],"mustHitSection":true},{"typeOfSection":0,"lengthInSteps":16,"sectionNotes":[[32000,1,0],[32375,1,0],[32750,1,0],[33125,1,0],[33500,3,0],[32000,5,0],[32375,5,0],[32750,5,0],[33125,5,0],[33500,7,0]],"mustHitSection":false},{"typeOfSection":0,"lengthInSteps":16,"sectionNotes":[[34000,1,0],[34375,1,0],[34750,1,0],[34000,5,0],[34375,5,0],[34750,5,0],[35125,1,0],[35000,6,0],[35500,5,0],[35375,2,0],[35500,3,0],[35750,0,0]],"mustHitSection":false},{"typeOfSection":0,"lengthInSteps":16,"sectionNotes":[[36000,1,0],[36375,1,0],[36750,1,0],[36000,5,0],[36375,5,0],[36750,5,0],[37125,1,0],[37500,3,0],[37500,7,0],[37125,5,0]],"mustHitSection":true},{"typeOfSection":0,"lengthInSteps":16,"sectionNotes":[[38000,5,0],[39000,1,0],[39500,3,0],[38500,7,0]],"mustHitSection":true},{"typeOfSection":0,"lengthInSteps":16,"sectionNotes":[[40000,1,0],[41500,0,0],[41750,3,0],[40750,3,0]],"mustHitSection":false},{"typeOfSection":0,"lengthInSteps":16,"sectionNotes":[[42000,1,0],[43500,0,0],[43750,3,0],[42750,3,0]],"mustHitSection":true},{"typeOfSection":0,"lengthInSteps":16,"sectionNotes":[[44000,0,0],[44500,0,0],[45000,1,0],[45750,1,0]],"mustHitSection":false},{"typeOfSection":0,"lengthInSteps":16,"sectionNotes":[[46000,0,0],[46500,0,0],[47000,1,0],[47750,1,0]],"mustHitSection":true},{"typeOfSection":0,"lengthInSteps":16,"sectionNotes":[[48000,2,0],[49125,2,0],[48375,0,0],[48750,3,0],[49500,0,0],[49750,3,0]],"mustHitSection":false},{"typeOfSection":0,"lengthInSteps":16,"sectionNotes":[[50000,2,0],[51125,2,0],[50375,0,0],[50750,3,0],[51500,0,0],[51750,3,0]],"mustHitSection":true},{"typeOfSection":0,"lengthInSteps":16,"sectionNotes":[[52000,2,0],[52500,0,0],[53000,6,0],[53500,4,0]],"mustHitSection":false},{"typeOfSection":0,"lengthInSteps":16,"sectionNotes":[[54000,5,0],[54500,7,0],[55000,1,0],[55500,3,0]],"mustHitSection":true},{"typeOfSection":0,"lengthInSteps":16,"sectionNotes":[[56000,5,0],[56375,5,0],[56750,5,0],[57125,5,0],[57500,7,0]],"mustHitSection":false},{"typeOfSection":0,"lengthInSteps":16,"sectionNotes":[[58000,5,0],[58375,5,0],[58750,5,0],[59000,6,0],[59500,5,0]],"mustHitSection":false},{"typeOfSection":0,"lengthInSteps":16,"sectionNotes":[[60000,1,0],[60375,1,0],[60750,1,0],[61125,1,0],[61500,3,0]],"mustHitSection":true},{"typeOfSection":0,"lengthInSteps":16,"sectionNotes":[[62000,1,0],[62375,1,0],[62750,1,0],[63125,1,0],[63500,3,0],[63750,0,0]],"mustHitSection":true},{"typeOfSection":0,"lengthInSteps":16,"sectionNotes":[[64000,1,0],[64375,1,0],[64750,1,0],[65125,1,0],[65500,3,0],[64000,5,0],[64375,5,0],[64750,5,0],[65125,5,0],[65500,7,0]],"mustHitSection":false},{"typeOfSection":0,"lengthInSteps":16,"sectionNotes":[[66000,1,0],[66375,1,0],[66750,1,0],[66000,5,0],[66375,5,0],[66750,5,0],[67000,6,0],[67500,5,0],[67125,1,0],[67500,1,0]],"mustHitSection":false},{"typeOfSection":0,"lengthInSteps":16,"sectionNotes":[[68000,1,0],[68375,1,0],[68750,1,0],[68000,5,0],[68375,5,0],[68750,5,0],[69125,1,0],[69125,5,0],[69500,7,0],[69500,3,0]],"mustHitSection":true},{"typeOfSection":0,"lengthInSteps":16,"sectionNotes":[[70000,7,0],[70250,6,0],[70500,4,0],[70750,6,0],[71000,3,0],[71250,2,0],[71500,0,0],[71750,1,0]],"mustHitSection":true},{"typeOfSection":0,"lengthInSteps":16,"sectionNotes":[],"mustHitSection":false},{"typeOfSection":0,"lengthInSteps":16,"sectionNotes":[],"mustHitSection":true},{"typeOfSection":0,"lengthInSteps":16,"sectionNotes":[],"mustHitSection":false},{"typeOfSection":0,"lengthInSteps":16,"sectionNotes":[],"mustHitSection":true},{"typeOfSection":0,"lengthInSteps":16,"sectionNotes":[],"mustHitSection":true},{"typeOfSection":0,"lengthInSteps":16,"sectionNotes":[],"mustHitSection":true},{"sectionNotes":[],"typeOfSection":0,"lengthInSteps":16,"mustHitSection":true,"changeBPM":false,"bpm":120},{"sectionNotes":[],"typeOfSection":0,"lengthInSteps":16,"mustHitSection":true,"changeBPM":false,"bpm":120},{"sectionNotes":[],"typeOfSection":0,"lengthInSteps":16,"mustHitSection":true,"changeBPM":false,"bpm":120},{"sectionNotes":[],"typeOfSection":0,"lengthInSteps":16,"mustHitSection":true,"changeBPM":false,"bpm":120},{"sectionNotes":[],"typeOfSection":0,"lengthInSteps":16,"mustHitSection":true,"changeBPM":false,"bpm":120},{"sectionNotes":[],"typeOfSection":0,"lengthInSteps":16,"mustHitSection":true,"changeBPM":false,"bpm":120},{"sectionNotes":[],"typeOfSection":0,"lengthInSteps":16,"mustHitSection":true,"changeBPM":false,"bpm":120},{"sectionNotes":[],"typeOfSection":0,"lengthInSteps":16,"mustHitSection":true,"changeBPM":false,"bpm":120},{"sectionNotes":[],"typeOfSection":0,"lengthInSteps":16,"mustHitSection":true,"changeBPM":false,"bpm":120},{"sectionNotes":[],"typeOfSection":0,"lengthInSteps":16,"mustHitSection":true,"changeBPM":false,"bpm":120},{"sectionNotes":[],"typeOfSection":0,"lengthInSteps":16,"mustHitSection":true,"changeBPM":false,"bpm":120},{"sectionNotes":[],"typeOfSection":0,"lengthInSteps":16,"mustHitSection":true,"changeBPM":false,"bpm":120},{"sectionNotes":[],"typeOfSection":0,"lengthInSteps":16,"mustHitSection":true,"changeBPM":false,"bpm":120},{"sectionNotes":[],"typeOfSection":0,"lengthInSteps":16,"mustHitSection":true,"changeBPM":false,"bpm":120},{"sectionNotes":[],"typeOfSection":0,"lengthInSteps":16,"mustHitSection":true,"changeBPM":false,"bpm":120},{"sectionNotes":[],"typeOfSection":0,"lengthInSteps":16,"mustHitSection":true,"changeBPM":false,"bpm":120},{"lengthInSteps":16,"typeOfSection":0,"sectionNotes":[],"bpm":120,"changeBPM":false,"mustHitSection":true},{"lengthInSteps":16,"typeOfSection":0,"sectionNotes":[],"bpm":120,"changeBPM":false,"mustHitSection":true},{"lengthInSteps":16,"typeOfSection":0,"sectionNotes":[],"bpm":120,"changeBPM":false,"mustHitSection":true},{"lengthInSteps":16,"typeOfSection":0,"sectionNotes":[],"bpm":120,"changeBPM":false,"mustHitSection":true},{"lengthInSteps":16,"typeOfSection":0,"sectionNotes":[],"bpm":120,"changeBPM":false,"mustHitSection":true},{"lengthInSteps":16,"typeOfSection":0,"sectionNotes":[],"bpm":120,"changeBPM":false,"mustHitSection":true},{"lengthInSteps":16,"typeOfSection":0,"sectionNotes":[],"bpm":120,"changeBPM":false,"mustHitSection":true},{"lengthInSteps":16,"typeOfSection":0,"sectionNotes":[],"bpm":120,"changeBPM":false,"mustHitSection":true},{"lengthInSteps":16,"typeOfSection":0,"sectionNotes":[],"bpm":120,"changeBPM":false,"mustHitSection":true},{"lengthInSteps":16,"typeOfSection":0,"sectionNotes":[],"bpm":120,"changeBPM":false,"mustHitSection":true},{"lengthInSteps":16,"typeOfSection":0,"sectionNotes":[],"bpm":120,"changeBPM":false,"mustHitSection":true},{"lengthInSteps":16,"typeOfSection":0,"sectionNotes":[],"bpm":120,"changeBPM":false,"mustHitSection":true},{"lengthInSteps":16,"typeOfSection":0,"sectionNotes":[],"bpm":120,"changeBPM":false,"mustHitSection":true},{"lengthInSteps":16,"typeOfSection":0,"sectionNotes":[],"bpm":120,"changeBPM":false,"mustHitSection":true},{"sectionNotes":[],"typeOfSection":0,"lengthInSteps":16,"mustHitSection":true,"changeBPM":false,"bpm":120},{"sectionNotes":[],"typeOfSection":0,"lengthInSteps":16,"mustHitSection":true,"changeBPM":false,"bpm":120},{"sectionNotes":[],"typeOfSection":0,"lengthInSteps":16,"mustHitSection":true,"changeBPM":false,"bpm":120},{"sectionNotes":[],"typeOfSection":0,"lengthInSteps":16,"mustHitSection":true,"changeBPM":false,"bpm":120},{"sectionNotes":[],"typeOfSection":0,"lengthInSteps":16,"mustHitSection":true,"changeBPM":false,"bpm":120},{"sectionNotes":[],"typeOfSection":0,"lengthInSteps":16,"mustHitSection":true,"changeBPM":false,"bpm":120},{"sectionNotes":[],"typeOfSection":0,"lengthInSteps":16,"mustHitSection":true,"changeBPM":false,"bpm":120},{"sectionNotes":[],"typeOfSection":0,"lengthInSteps":16,"mustHitSection":true,"changeBPM":false,"bpm":120},{"sectionNotes":[],"typeOfSection":0,"lengthInSteps":16,"mustHitSection":true,"changeBPM":false,"bpm":120},{"sectionNotes":[],"typeOfSection":0,"lengthInSteps":16,"mustHitSection":true,"changeBPM":false,"bpm":120},{"sectionNotes":[],"typeOfSection":0,"lengthInSteps":16,"mustHitSection":true,"changeBPM":false,"bpm":120},{"sectionNotes":[],"typeOfSection":0,"lengthInSteps":16,"mustHitSection":true,"changeBPM":false,"bpm":120},{"sectionNotes":[],"typeOfSection":0,"lengthInSteps":16,"mustHitSection":true,"changeBPM":false,"bpm":120},{"lengthInSteps":16,"typeOfSection":0,"sectionNotes":[],"bpm":120,"changeBPM":false,"mustHitSection":true},{"lengthInSteps":16,"typeOfSection":0,"sectionNotes":[],"bpm":120,"changeBPM":false,"mustHitSection":true},{"lengthInSteps":16,"typeOfSection":0,"sectionNotes":[],"bpm":120,"changeBPM":false,"mustHitSection":true},{"lengthInSteps":16,"typeOfSection":0,"sectionNotes":[],"bpm":120,"changeBPM":false,"mustHitSection":true},{"lengthInSteps":16,"typeOfSection":0,"sectionNotes":[],"bpm":120,"changeBPM":false,"mustHitSection":true},{"lengthInSteps":16,"typeOfSection":0,"sectionNotes":[],"bpm":120,"changeBPM":false,"mustHitSection":true},{"lengthInSteps":16,"typeOfSection":0,"sectionNotes":[],"bpm":120,"changeBPM":false,"mustHitSection":true},{"lengthInSteps":16,"typeOfSection":0,"sectionNotes":[],"bpm":120,"changeBPM":false,"mustHitSection":true},{"sectionNotes":[],"typeOfSection":0,"lengthInSteps":16,"mustHitSection":true,"changeBPM":false,"bpm":120},{"sectionNotes":[],"typeOfSection":0,"lengthInSteps":16,"mustHitSection":true,"changeBPM":false,"bpm":120},{"lengthInSteps":16,"altAnim":false,"typeOfSection":0,"sectionNotes":[],"bpm":120,"changeBPM":false,"mustHitSection":true}],"sections":96,"bpm":120,"song":{"player1":"bf","sectionLengths":[],"player2":"dad","notes":[{"typeOfSection":0,"lengthInSteps":16,"sectionNotes":[],"mustHitSection":false},{"typeOfSection":0,"lengthInSteps":16,"sectionNotes":[],"mustHitSection":true},{"typeOfSection":0,"lengthInSteps":16,"sectionNotes":[],"mustHitSection":false},{"typeOfSection":0,"lengthInSteps":16,"sectionNotes":[],"mustHitSection":true},{"typeOfSection":0,"lengthInSteps":16,"sectionNotes":[[8000,1,0],[8750,1,0],[8375,1,0],[9250,3,0],[9500,3,0],[9750,0,0]],"mustHitSection":false},{"typeOfSection":0,"lengthInSteps":16,"sectionNotes":[[10000,1,0],[10750,1,0],[10375,1,0],[11125,1,0],[11500,3,0],[11750,0,0]],"mustHitSection":true},{"typeOfSection":0,"lengthInSteps":16,"sectionNotes":[[12000,1,0],[12750,1,0],[12375,1,0],[13500,3,0],[13750,0,0],[13250,3,0]],"mustHitSection":false},{"typeOfSection":0,"lengthInSteps":16,"sectionNotes":[[14000,1,0],[14750,1,0],[14375,1,0],[15250,3,0],[15500,3,0],[15750,0,0]],"mustHitSection":true},{"typeOfSection":0,"lengthInSteps":16,"sectionNotes":[[16000,3,0],[16375,0,0],[16750,2,0],[17125,3,0],[17500,2,0],[17750,1,0]],"mustHitSection":false},{"typeOfSection":0,"lengthInSteps":16,"sectionNotes":[[18000,3,0],[18375,0,0],[18750,2,0],[19125,3,0],[19500,2,0],[19750,1,0]],"mustHitSection":true},{"typeOfSection":0,"lengthInSteps":16,"sectionNotes":[[20500,0,0],[21500,4,0],[20000,2,0],[21000,6,0]],"mustHitSection":false},{"typeOfSection":0,"lengthInSteps":16,"sectionNotes":[[23000,1,0],[23500,3,0],[22000,5,0],[22500,7,0]],"mustHitSection":true},{"typeOfSection":0,"lengthInSteps":16,"sectionNotes":[[24000,5,0],[24750,5,0],[25125,5,0],[25500,7,0],[24375,5,0]],"mustHitSection":false},{"typeOfSection":0,"lengthInSteps":16,"sectionNotes":[[26000,5,0],[26375,5,0],[26750,5,0],[27000,6,0],[27500,5,0]],"mustHitSection":false},{"typeOfSection":0,"lengthInSteps":16,"sectionNotes":[[28000,1,0],[28375,1,0],[28750,1,0],[29125,1,0],[29500,3,0]],"mustHitSection":true},{"typeOfSection":0,"lengthInSteps":16,"sectionNotes":[[30000,1,0],[30375,1,0],[30750,1,0],[31125,1,0],[31375,2,0],[31625,3,0]],"mustHitSection":true},{"typeOfSection":0,"lengthInSteps":16,"sectionNotes":[[32000,1,0],[32375,1,0],[32750,1,0],[33125,1,0],[33500,3,0],[32000,5,0],[32375,5,0],[32750,5,0],[33125,5,0],[33500,7,0]],"mustHitSection":false},{"typeOfSection":0,"lengthInSteps":16,"sectionNotes":[[34000,1,0],[34375,1,0],[34750,1,0],[34000,5,0],[34375,5,0],[34750,5,0],[35125,1,0],[35000,6,0],[35500,5,0],[35375,2,0],[35500,3,0],[35750,0,0]],"mustHitSection":false},{"typeOfSection":0,"lengthInSteps":16,"sectionNotes":[[36000,1,0],[36375,1,0],[36750,1,0],[36000,5,0],[36375,5,0],[36750,5,0],[37125,1,0],[37500,3,0],[37500,7,0],[37125,5,0]],"mustHitSection":true},{"typeOfSection":0,"lengthInSteps":16,"sectionNotes":[[38000,5,0],[39000,1,0],[39500,3,0],[38500,7,0]],"mustHitSection":true},{"typeOfSection":0,"lengthInSteps":16,"sectionNotes":[[40000,1,0],[41500,0,0],[41750,3,0],[40750,3,0]],"mustHitSection":false},{"typeOfSection":0,"lengthInSteps":16,"sectionNotes":[[42000,1,0],[43500,0,0],[43750,3,0],[42750,3,0]],"mustHitSection":true},{"typeOfSection":0,"lengthInSteps":16,"sectionNotes":[[44000,0,0],[44500,0,0],[45000,1,0],[45750,1,0]],"mustHitSection":false},{"typeOfSection":0,"lengthInSteps":16,"sectionNotes":[[46000,0,0],[46500,0,0],[47000,1,0],[47750,1,0]],"mustHitSection":true},{"typeOfSection":0,"lengthInSteps":16,"sectionNotes":[[48000,2,0],[49125,2,0],[48375,0,0],[48750,3,0],[49500,0,0],[49750,3,0]],"mustHitSection":false},{"typeOfSection":0,"lengthInSteps":16,"sectionNotes":[[50000,2,0],[51125,2,0],[50375,0,0],[50750,3,0],[51500,0,0],[51750,3,0]],"mustHitSection":true},{"typeOfSection":0,"lengthInSteps":16,"sectionNotes":[[52000,2,0],[52500,0,0],[53000,6,0],[53500,4,0]],"mustHitSection":false},{"typeOfSection":0,"lengthInSteps":16,"sectionNotes":[[54000,5,0],[54500,7,0],[55000,1,0],[55500,3,0]],"mustHitSection":true},{"typeOfSection":0,"lengthInSteps":16,"sectionNotes":[[56000,5,0],[56375,5,0],[56750,5,0],[57125,5,0],[57500,7,0]],"mustHitSection":false},{"typeOfSection":0,"lengthInSteps":16,"sectionNotes":[[58000,5,0],[58375,5,0],[58750,5,0],[59000,6,0],[59500,5,0]],"mustHitSection":false},{"typeOfSection":0,"lengthInSteps":16,"sectionNotes":[[60000,1,0],[60375,1,0],[60750,1,0],[61125,1,0],[61500,3,0]],"mustHitSection":true},{"typeOfSection":0,"lengthInSteps":16,"sectionNotes":[[62000,1,0],[62375,1,0],[62750,1,0],[63125,1,0],[63500,3,0],[63750,0,0]],"mustHitSection":true},{"typeOfSection":0,"lengthInSteps":16,"sectionNotes":[[64000,1,0],[64375,1,0],[64750,1,0],[65125,1,0],[65500,3,0],[64000,5,0],[64375,5,0],[64750,5,0],[65125,5,0],[65500,7,0]],"mustHitSection":false},{"typeOfSection":0,"lengthInSteps":16,"sectionNotes":[[66000,1,0],[66375,1,0],[66750,1,0],[66000,5,0],[66375,5,0],[66750,5,0],[67000,6,0],[67500,5,0],[67125,1,0],[67500,1,0]],"mustHitSection":false},{"typeOfSection":0,"lengthInSteps":16,"sectionNotes":[[68000,1,0],[68375,1,0],[68750,1,0],[68000,5,0],[68375,5,0],[68750,5,0],[69125,1,0],[69125,5,0],[69500,7,0],[69500,3,0]],"mustHitSection":true},{"typeOfSection":0,"lengthInSteps":16,"sectionNotes":[[70000,7,0],[70250,6,0],[70500,4,0],[70750,6,0],[71000,3,0],[71250,2,0],[71500,0,0],[71750,1,0]],"mustHitSection":true},{"typeOfSection":0,"lengthInSteps":16,"sectionNotes":[],"mustHitSection":false},{"typeOfSection":0,"lengthInSteps":16,"sectionNotes":[],"mustHitSection":true},{"typeOfSection":0,"lengthInSteps":16,"sectionNotes":[],"mustHitSection":false},{"typeOfSection":0,"lengthInSteps":16,"sectionNotes":[],"mustHitSection":true},{"typeOfSection":0,"lengthInSteps":16,"sectionNotes":[],"mustHitSection":true},{"typeOfSection":0,"lengthInSteps":16,"sectionNotes":[],"mustHitSection":true},{"sectionNotes":[],"typeOfSection":0,"lengthInSteps":16,"mustHitSection":true,"changeBPM":false,"bpm":120},{"sectionNotes":[],"typeOfSection":0,"lengthInSteps":16,"mustHitSection":true,"changeBPM":false,"bpm":120},{"sectionNotes":[],"typeOfSection":0,"lengthInSteps":16,"mustHitSection":true,"changeBPM":false,"bpm":120},{"sectionNotes":[],"typeOfSection":0,"lengthInSteps":16,"mustHitSection":true,"changeBPM":false,"bpm":120},{"sectionNotes":[],"typeOfSection":0,"lengthInSteps":16,"mustHitSection":true,"changeBPM":false,"bpm":120},{"sectionNotes":[],"typeOfSection":0,"lengthInSteps":16,"mustHitSection":true,"changeBPM":false,"bpm":120},{"sectionNotes":[],"typeOfSection":0,"lengthInSteps":16,"mustHitSection":true,"changeBPM":false,"bpm":120},{"sectionNotes":[],"typeOfSection":0,"lengthInSteps":16,"mustHitSection":true,"changeBPM":false,"bpm":120},{"sectionNotes":[],"typeOfSection":0,"lengthInSteps":16,"mustHitSection":true,"changeBPM":false,"bpm":120},{"sectionNotes":[],"typeOfSection":0,"lengthInSteps":16,"mustHitSection":true,"changeBPM":false,"bpm":120},{"sectionNotes":[],"typeOfSection":0,"lengthInSteps":16,"mustHitSection":true,"changeBPM":false,"bpm":120},{"sectionNotes":[],"typeOfSection":0,"lengthInSteps":16,"mustHitSection":true,"changeBPM":false,"bpm":120},{"sectionNotes":[],"typeOfSection":0,"lengthInSteps":16,"mustHitSection":true,"changeBPM":false,"bpm":120},{"sectionNotes":[],"typeOfSection":0,"lengthInSteps":16,"mustHitSection":true,"changeBPM":false,"bpm":120},{"sectionNotes":[],"typeOfSection":0,"lengthInSteps":16,"mustHitSection":true,"changeBPM":false,"bpm":120},{"sectionNotes":[],"typeOfSection":0,"lengthInSteps":16,"mustHitSection":true,"changeBPM":false,"bpm":120},{"lengthInSteps":16,"typeOfSection":0,"sectionNotes":[],"bpm":120,"changeBPM":false,"mustHitSection":true},{"lengthInSteps":16,"typeOfSection":0,"sectionNotes":[],"bpm":120,"changeBPM":false,"mustHitSection":true},{"lengthInSteps":16,"typeOfSection":0,"sectionNotes":[],"bpm":120,"changeBPM":false,"mustHitSection":true},{"lengthInSteps":16,"typeOfSection":0,"sectionNotes":[],"bpm":120,"changeBPM":false,"mustHitSection":true},{"lengthInSteps":16,"typeOfSection":0,"sectionNotes":[],"bpm":120,"changeBPM":false,"mustHitSection":true},{"lengthInSteps":16,"typeOfSection":0,"sectionNotes":[],"bpm":120,"changeBPM":false,"mustHitSection":true},{"lengthInSteps":16,"typeOfSection":0,"sectionNotes":[],"bpm":120,"changeBPM":false,"mustHitSection":true},{"lengthInSteps":16,"typeOfSection":0,"sectionNotes":[],"bpm":120,"changeBPM":false,"mustHitSection":true},{"lengthInSteps":16,"typeOfSection":0,"sectionNotes":[],"bpm":120,"changeBPM":false,"mustHitSection":true},{"lengthInSteps":16,"typeOfSection":0,"sectionNotes":[],"bpm":120,"changeBPM":false,"mustHitSection":true},{"lengthInSteps":16,"typeOfSection":0,"sectionNotes":[],"bpm":120,"changeBPM":false,"mustHitSection":true},{"lengthInSteps":16,"typeOfSection":0,"sectionNotes":[],"bpm":120,"changeBPM":false,"mustHitSection":true},{"lengthInSteps":16,"typeOfSection":0,"sectionNotes":[],"bpm":120,"changeBPM":false,"mustHitSection":true},{"lengthInSteps":16,"typeOfSection":0,"sectionNotes":[],"bpm":120,"changeBPM":false,"mustHitSection":true},{"sectionNotes":[],"typeOfSection":0,"lengthInSteps":16,"mustHitSection":true,"changeBPM":false,"bpm":120},{"sectionNotes":[],"typeOfSection":0,"lengthInSteps":16,"mustHitSection":true,"changeBPM":false,"bpm":120},{"sectionNotes":[],"typeOfSection":0,"lengthInSteps":16,"mustHitSection":true,"changeBPM":false,"bpm":120},{"sectionNotes":[],"typeOfSection":0,"lengthInSteps":16,"mustHitSection":true,"changeBPM":false,"bpm":120},{"sectionNotes":[],"typeOfSection":0,"lengthInSteps":16,"mustHitSection":true,"changeBPM":false,"bpm":120},{"sectionNotes":[],"typeOfSection":0,"lengthInSteps":16,"mustHitSection":true,"changeBPM":false,"bpm":120},{"sectionNotes":[],"typeOfSection":0,"lengthInSteps":16,"mustHitSection":true,"changeBPM":false,"bpm":120},{"sectionNotes":[],"typeOfSection":0,"lengthInSteps":16,"mustHitSection":true,"changeBPM":false,"bpm":120},{"sectionNotes":[],"typeOfSection":0,"lengthInSteps":16,"mustHitSection":true,"changeBPM":false,"bpm":120},{"sectionNotes":[],"typeOfSection":0,"lengthInSteps":16,"mustHitSection":true,"changeBPM":false,"bpm":120},{"sectionNotes":[],"typeOfSection":0,"lengthInSteps":16,"mustHitSection":true,"changeBPM":false,"bpm":120},{"sectionNotes":[],"typeOfSection":0,"lengthInSteps":16,"mustHitSection":true,"changeBPM":false,"bpm":120},{"sectionNotes":[],"typeOfSection":0,"lengthInSteps":16,"mustHitSection":true,"changeBPM":false,"bpm":120},{"lengthInSteps":16,"typeOfSection":0,"sectionNotes":[],"bpm":120,"changeBPM":false,"mustHitSection":true},{"lengthInSteps":16,"typeOfSection":0,"sectionNotes":[],"bpm":120,"changeBPM":false,"mustHitSection":true},{"lengthInSteps":16,"typeOfSection":0,"sectionNotes":[],"bpm":120,"changeBPM":false,"mustHitSection":true},{"lengthInSteps":16,"typeOfSection":0,"sectionNotes":[],"bpm":120,"changeBPM":false,"mustHitSection":true},{"lengthInSteps":16,"typeOfSection":0,"sectionNotes":[],"bpm":120,"changeBPM":false,"mustHitSection":true},{"lengthInSteps":16,"typeOfSection":0,"sectionNotes":[],"bpm":120,"changeBPM":false,"mustHitSection":true},{"lengthInSteps":16,"typeOfSection":0,"sectionNotes":[],"bpm":120,"changeBPM":false,"mustHitSection":true},{"lengthInSteps":16,"typeOfSection":0,"sectionNotes":[],"bpm":120,"changeBPM":false,"mustHitSection":true},{"sectionNotes":[],"typeOfSection":0,"lengthInSteps":16,"mustHitSection":true,"changeBPM":false,"bpm":120},{"sectionNotes":[],"typeOfSection":0,"lengthInSteps":16,"mustHitSection":true,"changeBPM":false,"bpm":120},{"lengthInSteps":16,"altAnim":false,"typeOfSection":0,"sectionNotes":[],"bpm":120,"changeBPM":false,"mustHitSection":true}],"song":"Fresh","validScore":true,"sections":0,"needsVoices":true,"bpm":120,"speed":1.3}}