{"notes":[{"typeOfSection":0,"lengthInSteps":16,"sectionNotes":[],"mustHitSection":true},{"typeOfSection":0,"lengthInSteps":16,"sectionNotes":[],"mustHitSection":true},{"typeOfSection":0,"lengthInSteps":16,"sectionNotes":[],"mustHitSection":true},{"typeOfSection":0,"lengthInSteps":16,"sectionNotes":[],"mustHitSection":true},{"typeOfSection":0,"lengthInSteps":16,"sectionNotes":[[6400,0,0],[6600,3,0],[6800,0,0],[7000,2,0],[7200,0,0],[7400,1,0],[7600,1,0],[7800,3,0]],"mustHitSection":false},{"typeOfSection":0,"lengthInSteps":16,"sectionNotes":[[8000,0,0],[8200,3,0],[8400,0,0],[8600,2,0],[8800,3,0],[9000,2,0],[9200,0,0],[9400,1,0]],"mustHitSection":true},{"typeOfSection":0,"lengthInSteps":16,"sectionNotes":[[9600,0,0],[9800,3,0],[10000,0,0],[10200,2,0],[10400,0,0],[10600,1,0],[10800,1,0],[11000,2,0]],"mustHitSection":false},{"typeOfSection":0,"lengthInSteps":16,"sectionNotes":[[11200,0,0],[11400,3,0],[11600,0,0],[11800,2,0],[12000,3,0],[12200,2,0],[12400,0,0],[12600,1,0]],"mustHitSection":true},{"typeOfSection":0,"lengthInSteps":16,"sectionNotes":[[12800,3,0],[13000,0,0],[13300,0,0],[13600,3,0],[13800,0,0],[13900,2,0],[13100,1,0],[14100,0,0]],"mustHitSection":false},{"typeOfSection":0,"lengthInSteps":16,"sectionNotes":[[14400,3,0],[14600,0,0],[14900,0,0],[15200,3,0],[14700,1,0],[15300,2,0],[15400,0,0],[15500,2,0],[15600,3,0],[15700,2,0],[15800,0,0]],"mustHitSection":false},{"typeOfSection":0,"lengthInSteps":16,"sectionNotes":[[16000,3,0],[16200,0,0],[16300,1,0],[16500,0,0],[17300,0,0],[17100,2,0],[17000,0,0],[16800,3,0]],"mustHitSection":true},{"typeOfSection":0,"lengthInSteps":16,"sectionNotes":[[17600,3,0],[17800,0,0],[18100,0,0],[18400,3,0],[17900,1,0],[18700,3,0],[18500,0,0],[18600,2,0],[18800,0,0],[18900,2,0],[19000,3,0]],"mustHitSection":true},{"typeOfSection":0,"lengthInSteps":16,"sectionNotes":[[19200,2,0],[20400,2,0],[20600,3,0],[19600,2,0],[20000,2,0]],"mustHitSection":false},{"typeOfSection":0,"lengthInSteps":16,"sectionNotes":[[20800,0,0],[21200,0,0],[22000,1,0],[22200,3,0],[21600,1,0],[21800,3,0]],"mustHitSection":false},{"typeOfSection":0,"lengthInSteps":16,"sectionNotes":[[22400,2,0],[23700,3,0],[22800,2,0],[23200,2,0],[23600,2,0]],"mustHitSection":true},{"typeOfSection":0,"lengthInSteps":16,"sectionNotes":[[24000,0,0],[25200,3,0],[25300,2,0],[25400,0,0],[24400,0,0],[24800,0,0]],"mustHitSection":true},{"typeOfSection":0,"lengthInSteps":16,"sectionNotes":[[25600,2,0],[26800,2,0],[27000,3,0],[26000,2,0],[26400,2,0]],"mustHitSection":false},{"typeOfSection":0,"lengthInSteps":16,"sectionNotes":[[27200,0,0],[27600,0,0],[28000,3,0],[28400,3,0],[28600,2,0]],"mustHitSection":false},{"typeOfSection":0,"lengthInSteps":16,"sectionNotes":[[28800,2,0],[28800,6,0],[29200,6,0],[29200,2,0],[29600,2,0],[29600,6,0],[30000,2,0],[30000,6,0],[30200,7,0]],"mustHitSection":true},{"typeOfSection":0,"lengthInSteps":16,"sectionNotes":[[30400,1,0],[30400,5,0],[30800,5,0],[30800,1,0],[31200,6,0],[31600,6,0],[31200,2,0],[31600,2,0]],"mustHitSection":true},{"typeOfSection":0,"lengthInSteps":16,"sectionNotes":[[32000,2,0],[32200,1,0],[32400,3,0],[32800,2,0],[33000,0,0],[33200,3,0],[33300,2,0],[33400,1,0],[33500,2,0]],"mustHitSection":false},{"typeOfSection":0,"lengthInSteps":16,"sectionNotes":[[33600,2,0],[33800,1,0],[34000,3,0],[34400,2,0],[34600,0,0],[34800,3,0],[35000,0,0]],"mustHitSection":false},{"typeOfSection":0,"lengthInSteps":16,"sectionNotes":[[35200,2,0],[35400,1,0],[35600,3,0],[36000,0,0],[36600,2,0],[36700,3,0],[36100,3,0],[36200,2,0],[36400,0,0]],"mustHitSection":true},{"typeOfSection":0,"lengthInSteps":16,"sectionNotes":[[36800,2,0],[37000,1,0],[37200,3,0],[37600,0,0],[37700,1,0],[37800,2,0],[38000,3,0],[38200,0,0]],"mustHitSection":true},{"typeOfSection":0,"lengthInSteps":16,"sectionNotes":[[38400,2,0],[38600,1,0],[38800,3,0],[39200,2,0],[39300,1,0],[39400,3,0],[39500,0,0],[39600,2,0],[39800,2,0]],"mustHitSection":false},{"typeOfSection":0,"lengthInSteps":16,"sectionNotes":[[40000,2,0],[40200,1,0],[40400,3,0],[40800,1,0],[41000,2,0],[41100,3,0],[41200,0,0],[41300,1,0],[41400,2,0],[41500,1,0]],"mustHitSection":false},{"typeOfSection":0,"lengthInSteps":16,"sectionNotes":[[41600,2,0],[41800,1,0],[42000,3,0],[43000,0,0],[42800,0,0],[42400,2,0],[42500,3,0],[42600,2,0],[42700,3,0]],"mustHitSection":true},{"typeOfSection":0,"lengthInSteps":16,"sectionNotes":[[43200,3,0],[43400,1,0],[43700,0,0],[44000,1,0],[44200,3,0],[44300,2,0],[44400,0,0],[44500,1,0],[44600,0,0]],"mustHitSection":true},{"typeOfSection":0,"lengthInSteps":16,"sectionNotes":[[44800,1,0],[45200,1,0],[45600,1,0],[45900,1,0],[46100,1,0],[46300,1,0]],"mustHitSection":false},{"typeOfSection":0,"lengthInSteps":16,"sectionNotes":[[46400,1,0],[46600,1,0],[46800,1,0],[47200,1,0],[47500,1,0],[47800,1,0]],"mustHitSection":true},{"typeOfSection":0,"lengthInSteps":16,"sectionNotes":[[48000,0,0],[48100,3,0],[48200,0,0],[48300,3,0],[48400,0,0],[48800,0,0],[49100,0,0],[49200,0,0],[49400,0,0]],"mustHitSection":false},{"typeOfSection":0,"lengthInSteps":16,"sectionNotes":[[49600,0,0],[49700,3,0],[49800,0,0],[49900,3,0],[50000,0,0],[50400,0,0],[50700,0,0],[50800,0,0],[51000,0,0]],"mustHitSection":true},{"typeOfSection":0,"lengthInSteps":16,"sectionNotes":[[51200,1,0],[51500,1,0],[51600,1,0],[51700,1,0],[52000,1,0],[52300,1,0],[52600,1,0]],"mustHitSection":false},{"typeOfSection":0,"lengthInSteps":16,"sectionNotes":[[52800,1,0],[53100,1,0],[53200,1,0],[53300,1,0],[53600,1,0],[53900,1,0],[54200,1,0]],"mustHitSection":true},{"typeOfSection":0,"lengthInSteps":16,"sectionNotes":[[54400,2,0],[54700,2,0],[55100,2,0],[55600,0,0],[55800,3,0]],"mustHitSection":false},{"typeOfSection":0,"lengthInSteps":16,"sectionNotes":[[56000,2,0],[56300,2,0],[56700,2,0],[57200,0,0],[57400,3,0]],"mustHitSection":true},{"typeOfSection":0,"lengthInSteps":16,"sectionNotes":[[57600,2,0],[57600,6,0],[58000,2,0],[58000,6,0],[58400,2,0],[58400,6,0],[58800,2,0],[58800,6,0],[59000,3,0],[59000,7,0]],"mustHitSection":false},{"typeOfSection":0,"lengthInSteps":16,"sectionNotes":[[59200,1,0],[59200,5,0],[59600,1,0],[59600,5,0],[60000,1,0],[60000,5,0],[60200,3,0],[60200,7,0],[60400,2,0],[60400,6,0],[60500,4,0],[60600,5,0],[60500,0,0],[60600,1,0]],"mustHitSection":false},{"typeOfSection":0,"lengthInSteps":16,"sectionNotes":[[60800,6,0],[60800,2,0],[61200,6,0],[61200,2,0],[61600,6,0],[61600,2,0],[62000,6,0],[62000,2,0],[62200,7,0],[62200,3,0]],"mustHitSection":false},{"typeOfSection":0,"lengthInSteps":16,"sectionNotes":[[62400,1,0],[62400,5,0],[62800,1,0],[62800,5,0],[63200,1,0],[63200,5,0],[63400,3,0],[63400,7,0],[63600,6,0],[63800,5,0],[63600,1,0],[63800,3,0]],"mustHitSection":false},{"typeOfSection":0,"lengthInSteps":16,"sectionNotes":[[64000,2,0],[65200,2,0],[65400,1,0],[64000,7,0],[64200,4,0],[64400,6,0],[64800,7,0],[64900,6,0],[65000,4,0],[65100,5,0]],"mustHitSection":true},{"lengthInSteps":16,"sectionNotes":[[65600,2,0],[67000,1,0],[66800,2,0],[65600,2,0],[66800,2,0],[67000,1,0],[65600,7,0],[65800,4,0],[66000,6,0],[66400,7,0],[66500,6,0],[66600,4,0],[66700,5,0]],"typeOfSection":0,"mustHitSection":true,"changeBPM":false,"bpm":150},{"lengthInSteps":16,"sectionNotes":[[68600,5,0],[68400,6,0],[68400,6,0],[68600,5,0],[67600,1,0],[67800,0,0],[68200,3,0],[68400,2,0],[68600,2,0],[67200,2,0]],"typeOfSection":0,"mustHitSection":true,"changeBPM":false,"bpm":150},{"lengthInSteps":16,"sectionNotes":[[68800,6,0],[70200,5,0],[70000,6,0],[68800,6,0],[70000,6,0],[70200,5,0],[70200,5,0],[70000,6,0],[70000,6,0],[70200,5,0],[69200,1,0],[69400,0,0],[69800,3,0],[70000,2,0],[70200,2,0],[68800,2,0]],"typeOfSection":0,"mustHitSection":true,"changeBPM":false,"bpm":150},{"lengthInSteps":16,"sectionNotes":[[70400,2,0],[70600,1,0],[70800,0,0],[71800,5,0],[70400,6,0],[71600,6,0],[71200,2,0],[71400,0,0],[71500,2,0],[71600,3,0],[71800,3,0],[71300,3,0]],"typeOfSection":0,"mustHitSection":true,"changeBPM":false,"bpm":150},{"lengthInSteps":16,"sectionNotes":[[72000,6,0],[72000,2,0],[72200,1,0],[72400,0,0],[73400,5,0],[72000,6,0],[72800,3,0],[73000,2,0],[73100,3,0],[73200,0,0],[73300,1,0]],"typeOfSection":0,"mustHitSection":true,"changeBPM":false,"bpm":150},{"lengthInSteps":16,"sectionNotes":[[73600,1,0],[74000,2,0],[74400,0,0],[74800,3,0]],"typeOfSection":0,"mustHitSection":false,"changeBPM":false,"bpm":150},{"lengthInSteps":16,"sectionNotes":[[75200,1,0],[75600,2,0],[76000,0,0],[76400,3,0]],"typeOfSection":0,"mustHitSection":true,"changeBPM":false,"bpm":157},{"lengthInSteps":16,"sectionNotes":[],"typeOfSection":0,"mustHitSection":true,"changeBPM":false,"bpm":150},{"lengthInSteps":16,"sectionNotes":[],"typeOfSection":0,"mustHitSection":true,"changeBPM":false,"bpm":150},{"lengthInSteps":16,"sectionNotes":[],"typeOfSection":0,"mustHitSection":true,"changeBPM":false,"bpm":150},{"lengthInSteps":16,"sectionNotes":[],"typeOfSection":0,"mustHitSection":true,"changeBPM":false,"bpm":150},{"lengthInSteps":16,"sectionNotes":[],"typeOfSection":0,"mustHitSection":false,"changeBPM":false,"bpm":150},{"lengthInSteps":16,"sectionNotes":[],"typeOfSection":0,"mustHitSection":false,"changeBPM":false,"bpm":150},{"lengthInSteps":16,"sectionNotes":[],"typeOfSection":0,"mustHitSection":false,"changeBPM":false,"bpm":150},{"lengthInSteps":16,"sectionNotes":[],"typeOfSection":0,"mustHitSection":false,"changeBPM":false,"bpm":150},{"lengthInSteps":16,"sectionNotes":[],"typeOfSection":0,"mustHitSection":true,"changeBPM":false,"bpm":150},{"lengthInSteps":16,"sectionNotes":[],"typeOfSection":0,"mustHitSection":true,"changeBPM":false,"bpm":150},{"lengthInSteps":16,"sectionNotes":[],"typeOfSection":0,"mustHitSection":true,"changeBPM":false,"bpm":150},{"lengthInSteps":16,"sectionNotes":[],"typeOfSection":0,"mustHitSection":true,"changeBPM":false,"bpm":150},{"lengthInSteps":16,"sectionNotes":[],"typeOfSection":0,"mustHitSection":true,"changeBPM":false,"bpm":150},{"lengthInSteps":16,"sectionNotes":[],"typeOfSection":0,"mustHitSection":true,"changeBPM":false,"bpm":150},{"lengthInSteps":16,"sectionNotes":[],"typeOfSection":0,"mustHitSection":true,"changeBPM":false,"bpm":150},{"sectionNotes":[],"typeOfSection":0,"lengthInSteps":16,"altAnim":false,"mustHitSection":true,"changeBPM":false,"bpm":150},{"sectionNotes":[],"typeOfSection":0,"lengthInSteps":16,"altAnim":false,"mustHitSection":true,"changeBPM":false,"bpm":150},{"sectionNotes":[],"typeOfSection":0,"lengthInSteps":16,"altAnim":false,"mustHitSection":true,"changeBPM":false,"bpm":150},{"sectionNotes":[],"typeOfSection":0,"lengthInSteps":16,"altAnim":false,"mustHitSection":true,"changeBPM":false,"bpm":150},{"sectionNotes":[],"typeOfSection":0,"lengthInSteps":16,"altAnim":false,"mustHitSection":true,"changeBPM":false,"bpm":150},{"sectionNotes":[],"typeOfSection":0,"lengthInSteps":16,"altAnim":false,"mustHitSection":true,"changeBPM":false,"bpm":150},{"sectionNotes":[],"typeOfSection":0,"lengthInSteps":16,"altAnim":false,"mustHitSection":true,"changeBPM":false,"bpm":150},{"sectionNotes":[],"typeOfSection":0,"lengthInSteps":16,"altAnim":false,"mustHitSection":true,"changeBPM":false,"bpm":150},{"sectionNotes":[],"typeOfSection":0,"lengthInSteps":16,"altAnim":false,"mustHitSection":true,"changeBPM":false,"bpm":150},{"sectionNotes":[],"typeOfSection":0,"lengthInSteps":16,"altAnim":false,"mustHitSection":true,"changeBPM":false,"bpm":150},{"lengthInSteps":16,"typeOfSection":0,"sectionNotes":[],"altAnim":false,"bpm":150,"changeBPM":false,"mustHitSection":true},{"lengthInSteps":16,"typeOfSection":0,"sectionNotes":[],"altAnim":false,"bpm":150,"changeBPM":false,"mustHitSection":true},{"lengthInSteps":16,"typeOfSection":0,"sectionNotes":[],"altAnim":false,"bpm":150,"changeBPM":false,"mustHitSection":true},{"lengthInSteps":16,"typeOfSection":0,"sectionNotes":[],"altAnim":false,"bpm":150,"changeBPM":false,"mustHitSection":true},{"lengthInSteps":16,"typeOfSection":0,"sectionNotes":[],"altAnim":false,"bpm":150,"changeBPM":false,"mustHitSection":true},{"lengthInSteps":16,"typeOfSection":0,"sectionNotes":[],"altAnim":false,"bpm":150,"changeBPM":false,"mustHitSection":true},{"lengthInSteps":16,"typeOfSection":0,"sectionNotes":[],"altAnim":false,"bpm":150,"changeBPM":false,"mustHitSection":true},{"sectionNotes":[],"typeOfSection":0,"lengthInSteps":16,"altAnim":false,"mustHitSection":true,"changeBPM":false,"bpm":150},{"sectionNotes":[],"typeOfSection":0,"lengthInSteps":16,"altAnim":false,"mustHitSection":true,"changeBPM":false,"bpm":150},{"sectionNotes":[],"typeOfSection":0,"lengthInSteps":16,"altAnim":false,"mustHitSection":true,"changeBPM":false,"bpm":150},{"sectionNotes":[],"typeOfSection":0,"lengthInSteps":16,"altAnim":false,"mustHitSection":true,"changeBPM":false,"bpm":150},{"lengthInSteps":16,"altAnim":false,"typeOfSection":0,"sectionNotes":[],"bpm":150,"changeBPM":false,"mustHitSection":true}],"sections":85,"bpm":150,"song":{"player1":"bf","sectionLengths":[],"notes":[{"typeOfSection":0,"lengthInSteps":16,"sectionNotes":[],"mustHitSection":true},{"typeOfSection":0,"lengthInSteps":16,"sectionNotes":[],"mustHitSection":true},{"typeOfSection":0,"lengthInSteps":16,"sectionNotes":[],"mustHitSection":true},{"typeOfSection":0,"lengthInSteps":16,"sectionNotes":[],"mustHitSection":true},{"typeOfSection":0,"lengthInSteps":16,"sectionNotes":[[6400,0,0],[6600,3,0],[6800,0,0],[7000,2,0],[7200,0,0],[7400,1,0],[7600,1,0],[7800,3,0]],"mustHitSection":false},{"typeOfSection":0,"lengthInSteps":16,"sectionNotes":[[8000,0,0],[8200,3,0],[8400,0,0],[8600,2,0],[8800,3,0],[9000,2,0],[9200,0,0],[9400,1,0]],"mustHitSection":true},{"typeOfSection":0,"lengthInSteps":16,"sectionNotes":[[9600,0,0],[9800,3,0],[10000,0,0],[10200,2,0],[10400,0,0],[10600,1,0],[10800,1,0],[11000,2,0]],"mustHitSection":false},{"typeOfSection":0,"lengthInSteps":16,"sectionNotes":[[11200,0,0],[11400,3,0],[11600,0,0],[11800,2,0],[12000,3,0],[12200,2,0],[12400,0,0],[12600,1,0]],"mustHitSection":true},{"typeOfSection":0,"lengthInSteps":16,"sectionNotes":[[12800,3,0],[13000,0,0],[13300,0,0],[13600,3,0],[13800,0,0],[13900,2,0],[13100,1,0],[14100,0,0]],"mustHitSection":false},{"typeOfSection":0,"lengthInSteps":16,"sectionNotes":[[14400,3,0],[14600,0,0],[14900,0,0],[15200,3,0],[14700,1,0],[15300,2,0],[15400,0,0],[15500,2,0],[15600,3,0],[15700,2,0],[15800,0,0]],"mustHitSection":false},{"typeOfSection":0,"lengthInSteps":16,"sectionNotes":[[16000,3,0],[16200,0,0],[16300,1,0],[16500,0,0],[17300,0,0],[17100,2,0],[17000,0,0],[16800,3,0]],"mustHitSection":true},{"typeOfSection":0,"lengthInSteps":16,"sectionNotes":[[17600,3,0],[17800,0,0],[18100,0,0],[18400,3,0],[17900,1,0],[18700,3,0],[18500,0,0],[18600,2,0],[18800,0,0],[18900,2,0],[19000,3,0]],"mustHitSection":true},{"typeOfSection":0,"lengthInSteps":16,"sectionNotes":[[19200,2,0],[20400,2,0],[20600,3,0],[19600,2,0],[20000,2,0]],"mustHitSection":false},{"typeOfSection":0,"lengthInSteps":16,"sectionNotes":[[20800,0,0],[21200,0,0],[22000,1,0],[22200,3,0],[21600,1,0],[21800,3,0]],"mustHitSection":false},{"typeOfSection":0,"lengthInSteps":16,"sectionNotes":[[22400,2,0],[23700,3,0],[22800,2,0],[23200,2,0],[23600,2,0]],"mustHitSection":true},{"typeOfSection":0,"lengthInSteps":16,"sectionNotes":[[24000,0,0],[25200,3,0],[25300,2,0],[25400,0,0],[24400,0,0],[24800,0,0]],"mustHitSection":true},{"typeOfSection":0,"lengthInSteps":16,"sectionNotes":[[25600,2,0],[26800,2,0],[27000,3,0],[26000,2,0],[26400,2,0]],"mustHitSection":false},{"typeOfSection":0,"lengthInSteps":16,"sectionNotes":[[27200,0,0],[27600,0,0],[28000,3,0],[28400,3,0],[28600,2,0]],"mustHitSection":false},{"typeOfSection":0,"lengthInSteps":16,"sectionNotes":[[28800,2,0],[28800,6,0],[29200,6,0],[29200,2,0],[29600,2,0],[29600,6,0],[30000,2,0],[30000,6,0],[30200,7,0]],"mustHitSection":true},{"typeOfSection":0,"lengthInSteps":16,"sectionNotes":[[30400,1,0],[30400,5,0],[30800,5,0],[30800,1,0],[31200,6,0],[31600,6,0],[31200,2,0],[31600,2,0]],"mustHitSection":true},{"typeOfSection":0,"lengthInSteps":16,"sectionNotes":[[32000,2,0],[32200,1,0],[32400,3,0],[32800,2,0],[33000,0,0],[33200,3,0],[33300,2,0],[33400,1,0],[33500,2,0]],"mustHitSection":false},{"typeOfSection":0,"lengthInSteps":16,"sectionNotes":[[33600,2,0],[33800,1,0],[34000,3,0],[34400,2,0],[34600,0,0],[34800,3,0],[35000,0,0]],"mustHitSection":false},{"typeOfSection":0,"lengthInSteps":16,"sectionNotes":[[35200,2,0],[35400,1,0],[35600,3,0],[36000,0,0],[36600,2,0],[36700,3,0],[36100,3,0],[36200,2,0],[36400,0,0]],"mustHitSection":true},{"typeOfSection":0,"lengthInSteps":16,"sectionNotes":[[36800,2,0],[37000,1,0],[37200,3,0],[37600,0,0],[37700,1,0],[37800,2,0],[38000,3,0],[38200,0,0]],"mustHitSection":true},{"typeOfSection":0,"lengthInSteps":16,"sectionNotes":[[38400,2,0],[38600,1,0],[38800,3,0],[39200,2,0],[39300,1,0],[39400,3,0],[39500,0,0],[39600,2,0],[39800,2,0]],"mustHitSection":false},{"typeOfSection":0,"lengthInSteps":16,"sectionNotes":[[40000,2,0],[40200,1,0],[40400,3,0],[40800,1,0],[41000,2,0],[41100,3,0],[41200,0,0],[41300,1,0],[41400,2,0],[41500,1,0]],"mustHitSection":false},{"typeOfSection":0,"lengthInSteps":16,"sectionNotes":[[41600,2,0],[41800,1,0],[42000,3,0],[43000,0,0],[42800,0,0],[42400,2,0],[42500,3,0],[42600,2,0],[42700,3,0]],"mustHitSection":true},{"typeOfSection":0,"lengthInSteps":16,"sectionNotes":[[43200,3,0],[43400,1,0],[43700,0,0],[44000,1,0],[44200,3,0],[44300,2,0],[44400,0,0],[44500,1,0],[44600,0,0]],"mustHitSection":true},{"typeOfSection":0,"lengthInSteps":16,"sectionNotes":[[44800,1,0],[45200,1,0],[45600,1,0],[45900,1,0],[46100,1,0],[46300,1,0]],"mustHitSection":false},{"typeOfSection":0,"lengthInSteps":16,"sectionNotes":[[46400,1,0],[46600,1,0],[46800,1,0],[47200,1,0],[47500,1,0],[47800,1,0]],"mustHitSection":true},{"typeOfSection":0,"lengthInSteps":16,"sectionNotes":[[48000,0,0],[48100,3,0],[48200,0,0],[48300,3,0],[48400,0,0],[48800,0,0],[49100,0,0],[49200,0,0],[49400,0,0]],"mustHitSection":false},{"typeOfSection":0,"lengthInSteps":16,"sectionNotes":[[49600,0,0],[49700,3,0],[49800,0,0],[49900,3,0],[50000,0,0],[50400,0,0],[50700,0,0],[50800,0,0],[51000,0,0]],"mustHitSection":true},{"typeOfSection":0,"lengthInSteps":16,"sectionNotes":[[51200,1,0],[51500,1,0],[51600,1,0],[51700,1,0],[52000,1,0],[52300,1,0],[52600,1,0]],"mustHitSection":false},{"typeOfSection":0,"lengthInSteps":16,"sectionNotes":[[52800,1,0],[53100,1,0],[53200,1,0],[53300,1,0],[53600,1,0],[53900,1,0],[54200,1,0]],"mustHitSection":true},{"typeOfSection":0,"lengthInSteps":16,"sectionNotes":[[54400,2,0],[54700,2,0],[55100,2,0],[55600,0,0],[55800,3,0]],"mustHitSection":false},{"typeOfSection":0,"lengthInSteps":16,"sectionNotes":[[56000,2,0],[56300,2,0],[56700,2,0],[57200,0,0],[57400,3,0]],"mustHitSection":true},{"typeOfSection":0,"lengthInSteps":16,"sectionNotes":[[57600,2,0],[57600,6,0],[58000,2,0],[58000,6,0],[58400,2,0],[58400,6,0],[58800,2,0],[58800,6,0],[59000,3,0],[59000,7,0]],"mustHitSection":false},{"typeOfSection":0,"lengthInSteps":16,"sectionNotes":[[59200,1,0],[59200,5,0],[59600,1,0],[59600,5,0],[60000,1,0],[60000,5,0],[60200,3,0],[60200,7,0],[60400,2,0],[60400,6,0],[60500,4,0],[60600,5,0],[60500,0,0],[60600,1,0]],"mustHitSection":false},{"typeOfSection":0,"lengthInSteps":16,"sectionNotes":[[60800,6,0],[60800,2,0],[61200,6,0],[61200,2,0],[61600,6,0],[61600,2,0],[62000,6,0],[62000,2,0],[62200,7,0],[62200,3,0]],"mustHitSection":false},{"typeOfSection":0,"lengthInSteps":16,"sectionNotes":[[62400,1,0],[62400,5,0],[62800,1,0],[62800,5,0],[63200,1,0],[63200,5,0],[63400,3,0],[63400,7,0],[63600,6,0],[63800,5,0],[63600,1,0],[63800,3,0]],"mustHitSection":false},{"typeOfSection":0,"lengthInSteps":16,"sectionNotes":[[64000,2,0],[65200,2,0],[65400,1,0],[64000,7,0],[64200,4,0],[64400,6,0],[64800,7,0],[64900,6,0],[65000,4,0],[65100,5,0]],"mustHitSection":true},{"lengthInSteps":16,"sectionNotes":[[65600,2,0],[67000,1,0],[66800,2,0],[65600,2,0],[66800,2,0],[67000,1,0],[65600,7,0],[65800,4,0],[66000,6,0],[66400,7,0],[66500,6,0],[66600,4,0],[66700,5,0]],"typeOfSection":0,"mustHitSection":true,"changeBPM":false,"bpm":150},{"lengthInSteps":16,"sectionNotes":[[68600,5,0],[68400,6,0],[68400,6,0],[68600,5,0],[67600,1,0],[67800,0,0],[68200,3,0],[68400,2,0],[68600,2,0],[67200,2,0]],"typeOfSection":0,"mustHitSection":true,"changeBPM":false,"bpm":150},{"lengthInSteps":16,"sectionNotes":[[68800,6,0],[70200,5,0],[70000,6,0],[68800,6,0],[70000,6,0],[70200,5,0],[70200,5,0],[70000,6,0],[70000,6,0],[70200,5,0],[69200,1,0],[69400,0,0],[69800,3,0],[70000,2,0],[70200,2,0],[68800,2,0]],"typeOfSection":0,"mustHitSection":true,"changeBPM":false,"bpm":150},{"lengthInSteps":16,"sectionNotes":[[70400,2,0],[70600,1,0],[70800,0,0],[71800,5,0],[70400,6,0],[71600,6,0],[71200,2,0],[71400,0,0],[71500,2,0],[71600,3,0],[71800,3,0],[71300,3,0]],"typeOfSection":0,"mustHitSection":true,"changeBPM":false,"bpm":150},{"lengthInSteps":16,"sectionNotes":[[72000,6,0],[72000,2,0],[72200,1,0],[72400,0,0],[73400,5,0],[72000,6,0],[72800,3,0],[73000,2,0],[73100,3,0],[73200,0,0],[73300,1,0]],"typeOfSection":0,"mustHitSection":true,"changeBPM":false,"bpm":150},{"lengthInSteps":16,"sectionNotes":[[73600,1,0],[74000,2,0],[74400,0,0],[74800,3,0]],"typeOfSection":0,"mustHitSection":false,"changeBPM":false,"bpm":150},{"lengthInSteps":16,"sectionNotes":[[75200,1,0],[75600,2,0],[76000,0,0],[76400,3,0]],"typeOfSection":0,"mustHitSection":true,"changeBPM":false,"bpm":157},{"lengthInSteps":16,"sectionNotes":[],"typeOfSection":0,"mustHitSection":true,"changeBPM":false,"bpm":150},{"lengthInSteps":16,"sectionNotes":[],"typeOfSection":0,"mustHitSection":true,"changeBPM":false,"bpm":150},{"lengthInSteps":16,"sectionNotes":[],"typeOfSection":0,"mustHitSection":true,"changeBPM":false,"bpm":150},{"lengthInSteps":16,"sectionNotes":[],"typeOfSection":0,"mustHitSection":true,"changeBPM":false,"bpm":150},{"lengthInSteps":16,"sectionNotes":[],"typeOfSection":0,"mustHitSection":false,"changeBPM":false,"bpm":150},{"lengthInSteps":16,"sectionNotes":[],"typeOfSection":0,"mustHitSection":false,"changeBPM":false,"bpm":150},{"lengthInSteps":16,"sectionNotes":[],"typeOfSection":0,"mustHitSection":false,"changeBPM":false,"bpm":150},{"lengthInSteps":16,"sectionNotes":[],"typeOfSection":0,"mustHitSection":false,"changeBPM":false,"bpm":150},{"lengthInSteps":16,"sectionNotes":[],"typeOfSection":0,"mustHitSection":true,"changeBPM":false,"bpm":150},{"lengthInSteps":16,"sectionNotes":[],"typeOfSection":0,"mustHitSection":true,"changeBPM":false,"bpm":150},{"lengthInSteps":16,"sectionNotes":[],"typeOfSection":0,"mustHitSection":true,"changeBPM":false,"bpm":150},{"lengthInSteps":16,"sectionNotes":[],"typeOfSection":0,"mustHitSection":true,"changeBPM":false,"bpm":150},{"lengthInSteps":16,"sectionNotes":[],"typeOfSection":0,"mustHitSection":true,"changeBPM":false,"bpm":150},{"lengthInSteps":16,"sectionNotes":[],"typeOfSection":0,"mustHitSection":true,"changeBPM":false,"bpm":150},{"lengthInSteps":16,"sectionNotes":[],"typeOfSection":0,"mustHitSection":true,"changeBPM":false,"bpm":150},{"sectionNotes":[],"typeOfSection":0,"lengthInSteps":16,"altAnim":false,"mustHitSection":true,"changeBPM":false,"bpm":150},{"sectionNotes":[],"typeOfSection":0,"lengthInSteps":16,"altAnim":false,"mustHitSection":true,"changeBPM":false,"bpm":150},{"sectionNotes":[],"typeOfSection":0,"lengthInSteps":16,"altAnim":false,"mustHitSection":true,"changeBPM":false,"bpm":150},{"sectionNotes":[],"typeOfSection":0,"lengthInSteps":16,"altAnim":false,"mustHitSection":true,"changeBPM":false,"bpm":150},{"sectionNotes":[],"typeOfSection":0,"lengthInSteps":16,"altAnim":false,"mustHitSection":true,"changeBPM":false,"bpm":150},{"sectionNotes":[],"typeOfSection":0,"lengthInSteps":16,"altAnim":false,"mustHitSection":true,"changeBPM":false,"bpm":150},{"sectionNotes":[],"typeOfSection":0,"lengthInSteps":16,"altAnim":false,"mustHitSection":true,"changeBPM":false,"bpm":150},{"sectionNotes":[],"typeOfSection":0,"lengthInSteps":16,"altAnim":false,"mustHitSection":true,"changeBPM":false,"bpm":150},{"sectionNotes":[],"typeOfSection":0,"lengthInSteps":16,"altAnim":false,"mustHitSection":true,"changeBPM":false,"bpm":150},{"sectionNotes":[],"typeOfSection":0,"lengthInSteps":16,"altAnim":false,"mustHitSection":true,"changeBPM":false,"bpm":150},{"lengthInSteps":16,"typeOfSection":0,"sectionNotes":[],"altAnim":false,"bpm":150,"changeBPM":false,"mustHitSection":true},{"lengthInSteps":16,"typeOfSection":0,"sectionNotes":[],"altAnim":false,"bpm":150,"changeBPM":false,"mustHitSection":true},{"lengthInSteps":16,"typeOfSection":0,"sectionNotes":[],"altAnim":false,"bpm":150,"changeBPM":false,"mustHitSection":true},{"lengthInSteps":16,"typeOfSection":0,"sectionNotes":[],"altAnim":false,"bpm":150,"changeBPM":false,"mustHitSection":true},{"lengthInSteps":16,"typeOfSection":0,"sectionNotes":[],"altAnim":false,"bpm":150,"changeBPM":false,"mustHitSection":true},{"lengthInSteps":16,"typeOfSection":0,"sectionNotes":[],"altAnim":false,"bpm":150,"changeBPM":false,"mustHitSection":true},{"lengthInSteps":16,"typeOfSection":0,"sectionNotes":[],"altAnim":false,"bpm":150,"changeBPM":false,"mustHitSection":true},{"sectionNotes":[],"typeOfSection":0,"lengthInSteps":16,"altAnim":false,"mustHitSection":true,"changeBPM":false,"bpm":150},{"sectionNotes":[],"typeOfSection":0,"lengthInSteps":16,"altAnim":false,"mustHitSection":true,"changeBPM":false,"bpm":150},{"sectionNotes":[],"typeOfSection":0,"lengthInSteps":16,"altAnim":false,"mustHitSection":true,"changeBPM":false,"bpm":150},{"sectionNotes":[],"typeOfSection":0,"lengthInSteps":16,"altAnim":false,"mustHitSection":true,"changeBPM":false,"bpm":150},{"lengthInSteps":16,"altAnim":false,"typeOfSection":0,"sectionNotes":[],"bpm":150,"changeBPM":false,"mustHitSection":true}],"player2":"spooky","song":"Spookeez","validScore":true,"sections":0,"needsVoices":true,"bpm":150,"speed":1.7}}