﻿<?xml version="1.0" encoding="utf-8"?>
<TextureAtlas imagePath="Monster_Assets_Christmass.png">
	<!-- Created with Adobe Animate version 21.0.2.37893 -->
	<!-- http://www.adobe.com/products/animate.html -->
	<SubTexture name="Monster Right note0000" x="0" y="0" width="375" height="719" frameX="-4" frameY="0" frameWidth="381" frameHeight="719"/>
	<SubTexture name="Monster Right note0001" x="375" y="0" width="375" height="719" frameX="-4" frameY="0" frameWidth="381" frameHeight="719"/>
	<SubTexture name="Monster Right note0002" x="750" y="0" width="381" height="713" frameX="0" frameY="-3" frameWidth="381" frameHeight="719"/>
	<SubTexture name="Monster Right note0003" x="1131" y="0" width="381" height="713" frameX="0" frameY="-3" frameWidth="381" frameHeight="719"/>
	<SubTexture name="Monster Right note0004" x="1512" y="0" width="381" height="715" frameX="0" frameY="-1" frameWidth="381" frameHeight="719"/>
	<SubTexture name="Monster Right note0005" x="1893" y="0" width="381" height="715" frameX="0" frameY="-1" frameWidth="381" frameHeight="719"/>
	<SubTexture name="Monster Right note0006" x="2274" y="0" width="381" height="710" frameX="0" frameY="-6" frameWidth="381" frameHeight="719"/>
	<SubTexture name="Monster Right note0007" x="2655" y="0" width="381" height="710" frameX="0" frameY="-6" frameWidth="381" frameHeight="719"/>
	<SubTexture name="Monster Right note0008" x="3036" y="0" width="381" height="710" frameX="0" frameY="-6" frameWidth="381" frameHeight="719"/>
	<SubTexture name="Monster Right note0009" x="2274" y="0" width="381" height="710" frameX="0" frameY="-6" frameWidth="381" frameHeight="719"/>
	<SubTexture name="Monster Right note0010" x="2655" y="0" width="381" height="710" frameX="0" frameY="-6" frameWidth="381" frameHeight="719"/>
	<SubTexture name="Monster Right note0011" x="3036" y="0" width="381" height="710" frameX="0" frameY="-6" frameWidth="381" frameHeight="719"/>
	<SubTexture name="Monster Right note0012" x="2274" y="0" width="381" height="710" frameX="0" frameY="-6" frameWidth="381" frameHeight="719"/>
	<SubTexture name="Monster Right note0013" x="2655" y="0" width="381" height="710" frameX="0" frameY="-6" frameWidth="381" frameHeight="719"/>
	<SubTexture name="Monster Right note0014" x="3036" y="0" width="381" height="710" frameX="0" frameY="-6" frameWidth="381" frameHeight="719"/>
	<SubTexture name="Monster left note0000" x="3417" y="0" width="460" height="711" frameX="-15" frameY="0" frameWidth="475" frameHeight="713"/>
	<SubTexture name="Monster left note0001" x="3877" y="0" width="460" height="711" frameX="-15" frameY="0" frameWidth="475" frameHeight="713"/>
	<SubTexture name="Monster left note0002" x="4337" y="0" width="471" height="705" frameX="0" frameY="-8" frameWidth="475" frameHeight="713"/>
	<SubTexture name="Monster left note0003" x="4808" y="0" width="471" height="705" frameX="0" frameY="-8" frameWidth="475" frameHeight="713"/>
	<SubTexture name="Monster left note0004" x="5279" y="0" width="471" height="700" frameX="0" frameY="-13" frameWidth="475" frameHeight="713"/>
	<SubTexture name="Monster left note0005" x="5750" y="0" width="471" height="703" frameX="0" frameY="-10" frameWidth="475" frameHeight="713"/>
	<SubTexture name="Monster left note0006" x="6221" y="0" width="471" height="703" frameX="0" frameY="-10" frameWidth="475" frameHeight="713"/>
	<SubTexture name="Monster left note0007" x="6692" y="0" width="471" height="703" frameX="0" frameY="-10" frameWidth="475" frameHeight="713"/>
	<SubTexture name="Monster left note0008" x="5750" y="0" width="471" height="703" frameX="0" frameY="-10" frameWidth="475" frameHeight="713"/>
	<SubTexture name="Monster left note0009" x="6221" y="0" width="471" height="703" frameX="0" frameY="-10" frameWidth="475" frameHeight="713"/>
	<SubTexture name="Monster left note0010" x="6692" y="0" width="471" height="703" frameX="0" frameY="-10" frameWidth="475" frameHeight="713"/>
	<SubTexture name="Monster left note0011" x="5750" y="0" width="471" height="703" frameX="0" frameY="-10" frameWidth="475" frameHeight="713"/>
	<SubTexture name="Monster left note0012" x="6221" y="0" width="471" height="703" frameX="0" frameY="-10" frameWidth="475" frameHeight="713"/>
	<SubTexture name="Monster left note0013" x="6692" y="0" width="471" height="703" frameX="0" frameY="-10" frameWidth="475" frameHeight="713"/>
	<SubTexture name="Monster left note0014" x="5750" y="0" width="471" height="703" frameX="0" frameY="-10" frameWidth="475" frameHeight="713"/>
	<SubTexture name="Monster left note0015" x="6221" y="0" width="471" height="703" frameX="0" frameY="-10" frameWidth="475" frameHeight="713"/>
	<SubTexture name="Monster left note0016" x="6692" y="0" width="471" height="703" frameX="0" frameY="-10" frameWidth="475" frameHeight="713"/>
	<SubTexture name="Monster left note0017" x="5750" y="0" width="471" height="703" frameX="0" frameY="-10" frameWidth="475" frameHeight="713"/>
	<SubTexture name="Monster left note0018" x="6221" y="0" width="471" height="703" frameX="0" frameY="-10" frameWidth="475" frameHeight="713"/>
	<SubTexture name="Monster left note0019" x="6692" y="0" width="471" height="703" frameX="0" frameY="-10" frameWidth="475" frameHeight="713"/>
	<SubTexture name="monster down0000" x="7163" y="0" width="428" height="612" frameX="-12" frameY="-5" frameWidth="440" frameHeight="617"/>
	<SubTexture name="monster down0001" x="7591" y="0" width="428" height="612" frameX="-12" frameY="-5" frameWidth="440" frameHeight="617"/>
	<SubTexture name="monster down0002" x="0" y="719" width="434" height="610" frameX="0" frameY="-6" frameWidth="440" frameHeight="617"/>
	<SubTexture name="monster down0003" x="434" y="719" width="434" height="615" frameX="0" frameY="-1" frameWidth="440" frameHeight="617"/>
	<SubTexture name="monster down0004" x="868" y="719" width="434" height="615" frameX="0" frameY="-1" frameWidth="440" frameHeight="617"/>
	<SubTexture name="monster down0005" x="1302" y="719" width="434" height="614" frameX="0" frameY="-2" frameWidth="440" frameHeight="617"/>
	<SubTexture name="monster down0006" x="1736" y="719" width="434" height="614" frameX="0" frameY="-2" frameWidth="440" frameHeight="617"/>
	<SubTexture name="monster down0007" x="2170" y="719" width="434" height="616" frameX="0" frameY="0" frameWidth="440" frameHeight="617"/>
	<SubTexture name="monster down0008" x="2604" y="719" width="434" height="616" frameX="0" frameY="0" frameWidth="440" frameHeight="617"/>
	<SubTexture name="monster down0009" x="3038" y="719" width="434" height="616" frameX="0" frameY="0" frameWidth="440" frameHeight="617"/>
	<SubTexture name="monster down0010" x="2170" y="719" width="434" height="616" frameX="0" frameY="0" frameWidth="440" frameHeight="617"/>
	<SubTexture name="monster down0011" x="2604" y="719" width="434" height="616" frameX="0" frameY="0" frameWidth="440" frameHeight="617"/>
	<SubTexture name="monster down0012" x="3038" y="719" width="434" height="616" frameX="0" frameY="0" frameWidth="440" frameHeight="617"/>
	<SubTexture name="monster down0013" x="2170" y="719" width="434" height="616" frameX="0" frameY="0" frameWidth="440" frameHeight="617"/>
	<SubTexture name="monster down0014" x="2604" y="719" width="434" height="616" frameX="0" frameY="0" frameWidth="440" frameHeight="617"/>
	<SubTexture name="monster down0015" x="3038" y="719" width="434" height="616" frameX="0" frameY="0" frameWidth="440" frameHeight="617"/>
	<SubTexture name="monster down0016" x="2170" y="719" width="434" height="616" frameX="0" frameY="0" frameWidth="440" frameHeight="617"/>
	<SubTexture name="monster down0017" x="2604" y="719" width="434" height="616" frameX="0" frameY="0" frameWidth="440" frameHeight="617"/>
	<SubTexture name="monster down0018" x="3038" y="719" width="434" height="616" frameX="0" frameY="0" frameWidth="440" frameHeight="617"/>
	<SubTexture name="monster down0019" x="2170" y="719" width="434" height="616" frameX="0" frameY="0" frameWidth="440" frameHeight="617"/>
	<SubTexture name="monster down0020" x="2604" y="719" width="434" height="616" frameX="0" frameY="0" frameWidth="440" frameHeight="617"/>
	<SubTexture name="monster down0021" x="3038" y="719" width="434" height="616" frameX="0" frameY="0" frameWidth="440" frameHeight="617"/>
	<SubTexture name="monster down0022" x="2170" y="719" width="434" height="616" frameX="0" frameY="0" frameWidth="440" frameHeight="617"/>
	<SubTexture name="monster down0023" x="2604" y="719" width="434" height="616" frameX="0" frameY="0" frameWidth="440" frameHeight="617"/>
	<SubTexture name="monster down0024" x="3038" y="719" width="434" height="616" frameX="0" frameY="0" frameWidth="440" frameHeight="617"/>
	<SubTexture name="monster down0025" x="2170" y="719" width="434" height="616" frameX="0" frameY="0" frameWidth="440" frameHeight="617"/>
	<SubTexture name="monster down0026" x="2604" y="719" width="434" height="616" frameX="0" frameY="0" frameWidth="440" frameHeight="617"/>
	<SubTexture name="monster down0027" x="3038" y="719" width="434" height="616" frameX="0" frameY="0" frameWidth="440" frameHeight="617"/>
	<SubTexture name="monster down0028" x="2170" y="719" width="434" height="616" frameX="0" frameY="0" frameWidth="440" frameHeight="617"/>
	<SubTexture name="monster down0029" x="2604" y="719" width="434" height="616" frameX="0" frameY="0" frameWidth="440" frameHeight="617"/>
	<SubTexture name="monster idle0000" x="3472" y="719" width="424" height="636" frameX="-49" frameY="-75" frameWidth="487" frameHeight="711"/>
	<SubTexture name="monster idle0001" x="3896" y="719" width="424" height="636" frameX="-49" frameY="-75" frameWidth="487" frameHeight="711"/>
	<SubTexture name="monster idle0002" x="4320" y="719" width="422" height="651" frameX="-52" frameY="-57" frameWidth="487" frameHeight="711"/>
	<SubTexture name="monster idle0003" x="4742" y="719" width="422" height="651" frameX="-52" frameY="-57" frameWidth="487" frameHeight="711"/>
	<SubTexture name="monster idle0004" x="5164" y="719" width="439" height="641" frameX="-41" frameY="-64" frameWidth="487" frameHeight="711"/>
	<SubTexture name="monster idle0005" x="5603" y="719" width="439" height="663" frameX="-41" frameY="-42" frameWidth="487" frameHeight="711"/>
	<SubTexture name="monster idle0006" x="6042" y="719" width="481" height="698" frameX="-6" frameY="-8" frameWidth="487" frameHeight="711"/>
	<SubTexture name="monster idle0007" x="6523" y="719" width="481" height="698" frameX="-6" frameY="-8" frameWidth="487" frameHeight="711"/>
	<SubTexture name="monster idle0008" x="7004" y="719" width="484" height="702" frameX="-3" frameY="-5" frameWidth="487" frameHeight="711"/>
	<SubTexture name="monster idle0009" x="7488" y="719" width="484" height="702" frameX="-3" frameY="-5" frameWidth="487" frameHeight="711"/>
	<SubTexture name="monster idle0010" x="0" y="1421" width="484" height="704" frameX="-3" frameY="-3" frameWidth="487" frameHeight="711"/>
	<SubTexture name="monster idle0011" x="484" y="1421" width="484" height="704" frameX="-3" frameY="-3" frameWidth="487" frameHeight="711"/>
	<SubTexture name="monster idle0012" x="968" y="1421" width="480" height="704" frameX="0" frameY="0" frameWidth="487" frameHeight="711"/>
	<SubTexture name="monster idle0013" x="1448" y="1421" width="480" height="704" frameX="0" frameY="0" frameWidth="487" frameHeight="711"/>
	<SubTexture name="monster idle0014" x="1928" y="1421" width="484" height="707" frameX="-3" frameY="0" frameWidth="487" frameHeight="711"/>
	<SubTexture name="monster up note0000" x="2412" y="1421" width="410" height="743" frameX="-7" frameY="0" frameWidth="418" frameHeight="749"/>
	<SubTexture name="monster up note0001" x="2822" y="1421" width="410" height="743" frameX="-7" frameY="0" frameWidth="418" frameHeight="749"/>
	<SubTexture name="monster up note0002" x="3232" y="1421" width="418" height="725" frameX="0" frameY="-24" frameWidth="418" frameHeight="749"/>
	<SubTexture name="monster up note0003" x="3650" y="1421" width="418" height="725" frameX="0" frameY="-24" frameWidth="418" frameHeight="749"/>
	<SubTexture name="monster up note0004" x="4068" y="1421" width="418" height="725" frameX="0" frameY="-24" frameWidth="418" frameHeight="749"/>
	<SubTexture name="monster up note0005" x="4486" y="1421" width="418" height="725" frameX="0" frameY="-24" frameWidth="418" frameHeight="749"/>
	<SubTexture name="monster up note0006" x="4904" y="1421" width="418" height="725" frameX="0" frameY="-24" frameWidth="418" frameHeight="749"/>
	<SubTexture name="monster up note0007" x="5322" y="1421" width="418" height="725" frameX="0" frameY="-24" frameWidth="418" frameHeight="749"/>
	<SubTexture name="monster up note0008" x="5740" y="1421" width="418" height="725" frameX="0" frameY="-24" frameWidth="418" frameHeight="749"/>
	<SubTexture name="monster up note0009" x="6158" y="1421" width="418" height="725" frameX="0" frameY="-24" frameWidth="418" frameHeight="749"/>
	<SubTexture name="monster up note0010" x="6576" y="1421" width="418" height="725" frameX="0" frameY="-24" frameWidth="418" frameHeight="749"/>
	<SubTexture name="monster up note0011" x="5740" y="1421" width="418" height="725" frameX="0" frameY="-24" frameWidth="418" frameHeight="749"/>
	<SubTexture name="monster up note0012" x="6158" y="1421" width="418" height="725" frameX="0" frameY="-24" frameWidth="418" frameHeight="749"/>
	<SubTexture name="monster up note0013" x="6576" y="1421" width="418" height="725" frameX="0" frameY="-24" frameWidth="418" frameHeight="749"/>
	<SubTexture name="monster up note0014" x="5740" y="1421" width="418" height="725" frameX="0" frameY="-24" frameWidth="418" frameHeight="749"/>
	<SubTexture name="monster up note0015" x="6158" y="1421" width="418" height="725" frameX="0" frameY="-24" frameWidth="418" frameHeight="749"/>
	<SubTexture name="monster up note0016" x="6576" y="1421" width="418" height="725" frameX="0" frameY="-24" frameWidth="418" frameHeight="749"/>
	<SubTexture name="monster up note0017" x="5740" y="1421" width="418" height="725" frameX="0" frameY="-24" frameWidth="418" frameHeight="749"/>
	<SubTexture name="monster up note0018" x="6158" y="1421" width="418" height="725" frameX="0" frameY="-24" frameWidth="418" frameHeight="749"/>
	<SubTexture name="monster up note0019" x="6576" y="1421" width="418" height="725" frameX="0" frameY="-24" frameWidth="418" frameHeight="749"/>
	<SubTexture name="monster up note0020" x="5740" y="1421" width="418" height="725" frameX="0" frameY="-24" frameWidth="418" frameHeight="749"/>
	<SubTexture name="monster up note0021" x="6158" y="1421" width="418" height="725" frameX="0" frameY="-24" frameWidth="418" frameHeight="749"/>
	<SubTexture name="monster up note0022" x="6576" y="1421" width="418" height="725" frameX="0" frameY="-24" frameWidth="418" frameHeight="749"/>
	<SubTexture name="monster up note0023" x="5740" y="1421" width="418" height="725" frameX="0" frameY="-24" frameWidth="418" frameHeight="749"/>
</TextureAtlas>
